"Path","LineNumber","Line"
"E:\Projects\mQuiz\src\App.tsx","28","    path: ""/parent/:tab?/:subtab?"","
"E:\Projects\mQuiz\src\index.css","41","    --gradient-glow: radial-gradient(circle at center, hsl(262, 83%, 58% / 0.15), transparent 70%);"
"E:\Projects\mQuiz\src\index.css","140","    @apply bg-clip-text text-transparent bg-gradient-to-r from-primary to-purple-600;"
"InputStream","15","E:\Projects\mQuiz\src\components\parent"
"E:\Projects\mQuiz\src\components\admin\AdminAIProviderConfig.tsx","233","                Manage available AI providers for the system. Parents will configure their own API keys for these providers."
"E:\Projects\mQuiz\src\components\admin\AdminAIProviderConfig.tsx","324","                Add AI providers to enable content generation features for parents."
"E:\Projects\mQuiz\src\components\admin\AdminAIProviderConfig.tsx","345","                : 'Configure a new AI provider for the system. Parents will set their own API keys for this provider.'"
"E:\Projects\mQuiz\src\components\admin\ApprovalWorkflow.tsx","126","      case 'parent': return <Users className=""h-4 w-4"" />;"
"E:\Projects\mQuiz\src\components\admin\ApprovalWorkflow.tsx","135","      case 'parent': return 'bg-blue-100 text-blue-800 border-blue-200';"
"E:\Projects\mQuiz\src\components\admin\ApprovalWorkflow.tsx","144","      case 'parent': return 'Create question papers and manage children';"
"E:\Projects\mQuiz\src\components\admin\ContentModeration.tsx","335","                              <DialogTrigger asChild>"
"E:\Projects\mQuiz\src\components\admin\SystemAPIKeys.tsx","208","                          className=""absolute right-0 top-0 h-full px-3 py-2 hover:bg-transparent"""
"E:\Projects\mQuiz\src\components\admin\SystemAPIKeys.tsx","249","            1. Users can configure their own API keys in the Parent Dashboard → AI Settings"
"E:\Projects\mQuiz\src\components\admin\SystemSettings.tsx","168","                      <SelectItem value=""parent"">Parent</SelectItem>"
"E:\Projects\mQuiz\src\components\admin\UserManagement.tsx","137","      case 'parent': return <User className=""w-4 h-4"" />;"
"E:\Projects\mQuiz\src\components\admin\UserManagement.tsx","146","      case 'parent': return 'default';"
"E:\Projects\mQuiz\src\components\admin\UserManagement.tsx","216","              <SelectItem value=""parent"">Parent</SelectItem>"
"E:\Projects\mQuiz\src\components\admin\UserManagement.tsx","395","                      <DropdownMenuTrigger asChild>"
"E:\Projects\mQuiz\src\components\admin\UserManagement.tsx","418","                          onClick={() => updateUserRole(user.id, user.role === 'admin' ? 'parent' : 'admin')}"
"E:\Projects\mQuiz\src\components\admin\UserManagement.tsx","421","                          Change to {user.role === 'admin' ? 'Parent' : 'Admin'}"
"E:\Projects\mQuiz\src\components\announcements\AnnouncementSystem.tsx","20","  target_audience: 'all' | 'parents' | 'children' | 'specific_users';"
"E:\Projects\mQuiz\src\components\announcements\AnnouncementSystem.tsx","65","  const canCreateAnnouncements = profile?.role === 'admin' || profile?.role === 'parent';"
"E:\Projects\mQuiz\src\components\announcements\AnnouncementSystem.tsx","202","      } else if (targetAudience === 'parents' || targetAudience === 'children') {"
"E:\Projects\mQuiz\src\components\announcements\AnnouncementSystem.tsx","203","        const role = targetAudience === 'parents' ? 'parent' : 'student';"
"E:\Projects\mQuiz\src\components\announcements\AnnouncementSystem.tsx","278","            <DialogTrigger asChild>"
"E:\Projects\mQuiz\src\components\announcements\AnnouncementSystem.tsx","320","                        <SelectItem value=""parents"">Parents Only</SelectItem>"
"E:\Projects\mQuiz\src\components\announcements\AnnouncementSystem.tsx","321","                        <SelectItem value=""children"">Students Only</SelectItem>"
"E:\Projects\mQuiz\src\components\announcements\AnnouncementSystem.tsx","401","                         announcement.target_audience === 'parents' ? 'Parents' : 'Students'}"
"E:\Projects\mQuiz\src\components\auth\AuthPage.tsx","18","type UserRole = 'admin' | 'parent' | 'student';"
"E:\Projects\mQuiz\src\components\auth\CompactRoleSelector.tsx","7","  selectedRole: 'admin' | 'parent' | 'student' | null;"
"E:\Projects\mQuiz\src\components\auth\CompactRoleSelector.tsx","8","  onRoleSelect: (role: 'admin' | 'parent' | 'student') => void;"
"E:\Projects\mQuiz\src\components\auth\CompactRoleSelector.tsx","21","  parent: {"
"E:\Projects\mQuiz\src\components\auth\CompactRoleSelector.tsx","22","    title: 'Parent/Teacher',"
"E:\Projects\mQuiz\src\components\auth\CompactRoleSelector.tsx","29","    features: ['Upload pages', 'Generate MCQ papers', 'Set test schedules & time limits', 'Review child results']"
"E:\Projects\mQuiz\src\components\auth\RoleSelector.tsx","13","  onRoleSelect: (role: 'admin' | 'parent' | 'student') => void;"
"E:\Projects\mQuiz\src\components\auth\RoleSelector.tsx","33","      id: 'parent' as const,"
"E:\Projects\mQuiz\src\components\auth\RoleSelector.tsx","34","      title: 'Parent/Teacher',"
"E:\Projects\mQuiz\src\components\auth\RoleSelector.tsx","41","        'Review child results'"
"E:\Projects\mQuiz\src\components\auth\RoleSelector.tsx","115","                  variant={role.id === 'admin' ? 'default' : role.id === 'parent' ? 'default' : 'default'}"
"E:\Projects\mQuiz\src\components\communications\CommunicationHub.tsx","21","    if (!subtab && (currentPath.startsWith('/parent/communications') || currentPath.startsWith('/admin/communications'))) {"
"E:\Projects\mQuiz\src\components\communications\CommunicationHub.tsx","22","      const prefix = currentPath.startsWith('/parent') ? '/parent' : '/admin';"
"E:\Projects\mQuiz\src\components\communications\CommunicationHub.tsx","30","    const prefix = currentPath.startsWith('/parent') ? '/parent' : '/admin';"
"E:\Projects\mQuiz\src\components\messaging\MessageCenter.tsx","23","  parent_message_id?: string;"
"E:\Projects\mQuiz\src\components\messaging\MessageCenter.tsx","129","      if (profile.role === 'parent') {"
"E:\Projects\mQuiz\src\components\messaging\MessageCenter.tsx","130","        const res = await dbService.getProvider().query('SELECT child_id FROM parent_child_relationships WHERE parent_id = ?', [user.id]);"
"E:\Projects\mQuiz\src\components\messaging\MessageCenter.tsx","131","        const childIds = res.data?.map((rel: any) => rel.child_id) || [];"
"E:\Projects\mQuiz\src\components\messaging\MessageCenter.tsx","132","        if (childIds.length > 0) {"
"E:\Projects\mQuiz\src\components\messaging\MessageCenter.tsx","133","          const profilesRes = await dbService.getProvider().query(`SELECT * FROM profiles WHERE user_id IN (${childIds.map(()=>'?').join(',')})`, childIds);"
"E:\Projects\mQuiz\src\components\messaging\MessageCenter.tsx","138","        const res = await dbService.getProvider().query('SELECT parent_id FROM parent_child_relationships WHERE child_id = ?', [user.id]);"
"E:\Projects\mQuiz\src\components\messaging\MessageCenter.tsx","139","        const parentIds = res.data?.map((rel: any) => rel.parent_id) || [];"
"E:\Projects\mQuiz\src\components\messaging\MessageCenter.tsx","140","        if (parentIds.length > 0) {"
"E:\Projects\mQuiz\src\components\messaging\MessageCenter.tsx","141","          const profilesRes = await dbService.getProvider().query(`SELECT * FROM profiles WHERE user_id IN (${parentIds.map(()=>'?').join(',')})`, parentIds);"
"E:\Projects\mQuiz\src\components\messaging\MessageCenter.tsx","212","        'INSERT INTO messages (sender_id, recipient_id, subject, content, parent_message_id) VALUES (?, ?, ?, ?, ?)',"
"E:\Projects\mQuiz\src\components\notifications\NotificationCenter.tsx","162","      <PopoverTrigger asChild>"
"E:\Projects\mQuiz\src\components\notifications\NotificationCenter.tsx","207","                          ? 'border-transparent opacity-75' "
"E:\Projects\mQuiz\src\components\parent\AIProviderSettings.tsx","528","                  className=""absolute right-0 top-0 h-full px-3 py-2 hover:bg-transparent"""
"E:\Projects\mQuiz\src\components\parent\AIQuestionGenerator.tsx","13","import { useChildSubjects } from '@/hooks/useChildSubjects';"
"E:\Projects\mQuiz\src\components\parent\AIQuestionGenerator.tsx","14","import { useChildClasses } from '@/hooks/useChildClasses';"
"E:\Projects\mQuiz\src\components\parent\AIQuestionGenerator.tsx","91","  const { uniqueSubjects, isLoading: loadingSubjects } = useChildSubjects();"
"E:\Projects\mQuiz\src\components\parent\AIQuestionGenerator.tsx","92","  const { uniqueClasses, isLoading: loadingClasses } = useChildClasses();"
"E:\Projects\mQuiz\src\components\parent\AIQuestionGenerator.tsx","422","                  <SelectItem value=""_no_subjects"" disabled>No subjects assigned to children</SelectItem>"
"E:\Projects\mQuiz\src\components\parent\AIQuestionGenerator.tsx","447","                  <SelectItem value=""_no_classes"" disabled>No classes assigned to children</SelectItem>"
"E:\Projects\mQuiz\src\components\parent\BookManager.tsx","4","import { useClassesParent } from '@/hooks/useClassesParent';"
"E:\Projects\mQuiz\src\components\parent\BookManager.tsx","5","import { useSubjectsParent } from '@/hooks/useSubjectsParent';"
"E:\Projects\mQuiz\src\components\parent\BookManager.tsx","43","  const { classes, isLoading: classesLoading } = useClassesParent();"
"E:\Projects\mQuiz\src\components\parent\BookManager.tsx","44","  const { subjects, isLoading: subjectsLoading } = useSubjectsParent();"
"E:\Projects\mQuiz\src\components\parent\BulkQuestionOperations.tsx","305","    document.body.appendChild(link);"
"E:\Projects\mQuiz\src\components\parent\BulkQuestionOperations.tsx","307","    document.body.removeChild(link);"
"E:\Projects\mQuiz\src\components\parent\ChildAcademicProfile.tsx","13","import { useClassesParent } from '@/hooks/useClassesParent';"
"E:\Projects\mQuiz\src\components\parent\ChildAcademicProfile.tsx","14","import { useSubjectsParent } from '@/hooks/useSubjectsParent';"
"E:\Projects\mQuiz\src\components\parent\ChildAcademicProfile.tsx","16","interface ChildAcademicProfileProps {"
"E:\Projects\mQuiz\src\components\parent\ChildAcademicProfile.tsx","19","  childId: string;"
"E:\Projects\mQuiz\src\components\parent\ChildAcademicProfile.tsx","20","  childName: string;"
"E:\Projects\mQuiz\src\components\parent\ChildAcademicProfile.tsx","24","export const ChildAcademicProfile = ({ "
"E:\Projects\mQuiz\src\components\parent\ChildAcademicProfile.tsx","27","  childId, "
"E:\Projects\mQuiz\src\components\parent\ChildAcademicProfile.tsx","28","  childName,"
"E:\Projects\mQuiz\src\components\parent\ChildAcademicProfile.tsx","30","}: ChildAcademicProfileProps) => {"
"E:\Projects\mQuiz\src\components\parent\ChildAcademicProfile.tsx","31","  const { classes, isLoading: classesLoading } = useClassesParent();"
"E:\Projects\mQuiz\src\components\parent\ChildAcademicProfile.tsx","32","  const { subjects: allSubjects, isLoading: subjectsLoading } = useSubjectsParent();"
"E:\Projects\mQuiz\src\components\parent\ChildAcademicProfile.tsx","45","  }, [childId, isOpen]);"
"E:\Projects\mQuiz\src\components\parent\ChildAcademicProfile.tsx","49","      // Fetch current class assignment by child_id"
"E:\Projects\mQuiz\src\components\parent\ChildAcademicProfile.tsx","51","        'SELECT * FROM child_class_assignments WHERE child_id = ? LIMIT 1',"
"E:\Projects\mQuiz\src\components\parent\ChildAcademicProfile.tsx","52","        [childId]"
"E:\Projects\mQuiz\src\components\parent\ChildAcademicProfile.tsx","60","      // Fetch current subject assignments by child_id"
"E:\Projects\mQuiz\src\components\parent\ChildAcademicProfile.tsx","62","        'SELECT * FROM child_subject_assignments WHERE child_id = ?',"
"E:\Projects\mQuiz\src\components\parent\ChildAcademicProfile.tsx","63","        [childId]"
"E:\Projects\mQuiz\src\components\parent\ChildAcademicProfile.tsx","108","        'DELETE FROM child_class_assignments WHERE child_id = ? AND parent_id = ? AND academic_year = ?',"
"E:\Projects\mQuiz\src\components\parent\ChildAcademicProfile.tsx","109","        [childId, user.id, currentYear]"
"E:\Projects\mQuiz\src\components\parent\ChildAcademicProfile.tsx","113","        'INSERT INTO child_class_assignments (id, child_id, parent_id, class_id, is_current, academic_year) VALUES (?, ?, ?, ?, ?, ?)',"
"E:\Projects\mQuiz\src\components\parent\ChildAcademicProfile.tsx","114","        [crypto.randomUUID(), childId, user.id, selectedClassId, true, currentYear]"
"E:\Projects\mQuiz\src\components\parent\ChildAcademicProfile.tsx","122","        'DELETE FROM child_subject_assignments WHERE child_id = ? AND parent_id = ? AND academic_year = ?',"
"E:\Projects\mQuiz\src\components\parent\ChildAcademicProfile.tsx","123","        [childId, user.id, currentYear]"
"E:\Projects\mQuiz\src\components\parent\ChildAcademicProfile.tsx","130","            'INSERT INTO child_subject_assignments (id, child_id, parent_id, subject_id, is_current, academic_year) VALUES (?, ?, ?, ?, ?, ?)',"
"E:\Projects\mQuiz\src\components\parent\ChildAcademicProfile.tsx","131","            [crypto.randomUUID(), childId, user.id, subjectId, true, currentYear]"
"E:\Projects\mQuiz\src\components\parent\ChildAcademicProfile.tsx","144","        description: `${childName} assigned to ${selectedClassName} with ${selectedSubjects.length} subjects`,"
"E:\Projects\mQuiz\src\components\parent\ChildAcademicProfile.tsx","147","      // Close modal and notify parent to refresh"
"E:\Projects\mQuiz\src\components\parent\ChildAcademicProfile.tsx","173","              Academic Profile - {childName}"
"E:\Projects\mQuiz\src\components\parent\ChildAcademicProfile.tsx","193","            Academic Profile - {childName}"
"E:\Projects\mQuiz\src\components\parent\ChildAcademicProfile.tsx","271","                No subjects selected. The child will not have access to any subject-specific content."
"E:\Projects\mQuiz\src\components\parent\ChildClassAssignment.tsx","10","import { useClassesParent } from '@/hooks/useClassesParent';"
"E:\Projects\mQuiz\src\components\parent\ChildClassAssignment.tsx","12","interface ChildClassAssignmentProps {"
"E:\Projects\mQuiz\src\components\parent\ChildClassAssignment.tsx","13","  childId: string;"
"E:\Projects\mQuiz\src\components\parent\ChildClassAssignment.tsx","14","  childName: string;"
"E:\Projects\mQuiz\src\components\parent\ChildClassAssignment.tsx","18","export const ChildClassAssignment = ({ childId, childName }: ChildClassAssignmentProps) => {"
"E:\Projects\mQuiz\src\components\parent\ChildClassAssignment.tsx","19","  const { classes, isLoading: classesLoading } = useClassesParent();"
"E:\Projects\mQuiz\src\components\parent\ChildClassAssignment.tsx","28","  }, [childId]);"
"E:\Projects\mQuiz\src\components\parent\ChildClassAssignment.tsx","36","        'SELECT class_id FROM child_class_assignments WHERE child_id = ? AND parent_id = ? AND is_current = ? LIMIT 1',"
"E:\Projects\mQuiz\src\components\parent\ChildClassAssignment.tsx","37","        [childId, user.id, true]"
"E:\Projects\mQuiz\src\components\parent\ChildClassAssignment.tsx","47","      console.error('Error fetching child class:', error);"
"E:\Projects\mQuiz\src\components\parent\ChildClassAssignment.tsx","70","        'UPDATE child_class_assignments SET is_current = ? WHERE child_id = ? AND parent_id = ?',"
"E:\Projects\mQuiz\src\components\parent\ChildClassAssignment.tsx","71","        [false, childId, user.id]"
"E:\Projects\mQuiz\src\components\parent\ChildClassAssignment.tsx","76","        'INSERT INTO child_class_assignments (id, child_id, parent_id, class_id, is_current) VALUES (?, ?, ?, ?, ?)',"
"E:\Projects\mQuiz\src\components\parent\ChildClassAssignment.tsx","77","        [crypto.randomUUID(), childId, user.id, selectedClassId, true]"
"E:\Projects\mQuiz\src\components\parent\ChildClassAssignment.tsx","86","        description: `${childName} has been assigned to ${selectedClassName}`,"
"E:\Projects\mQuiz\src\components\parent\ChildClassAssignment.tsx","122","          Class Assignment for {childName}"
"E:\Projects\mQuiz\src\components\parent\ChildPermissionManager.tsx","24","interface Child {"
"E:\Projects\mQuiz\src\components\parent\ChildPermissionManager.tsx","32","interface ChildPermissions {"
"E:\Projects\mQuiz\src\components\parent\ChildPermissionManager.tsx","42","export const ChildPermissionManager = () => {"
"E:\Projects\mQuiz\src\components\parent\ChildPermissionManager.tsx","43","  const [children, setChildren] = useState<Child[]>([]);"
"E:\Projects\mQuiz\src\components\parent\ChildPermissionManager.tsx","44","  const [permissions, setPermissions] = useState<Record<string, ChildPermissions>>({});"
"E:\Projects\mQuiz\src\components\parent\ChildPermissionManager.tsx","45","  const [selectedChild, setSelectedChild] = useState<string>('');"
"E:\Projects\mQuiz\src\components\parent\ChildPermissionManager.tsx","51","    fetchChildren();"
"E:\Projects\mQuiz\src\components\parent\ChildPermissionManager.tsx","54","  const fetchChildren = async () => {"
"E:\Projects\mQuiz\src\components\parent\ChildPermissionManager.tsx","60","        'SELECT child_id FROM parent_child_relationships WHERE parent_id = ?',"
"E:\Projects\mQuiz\src\components\parent\ChildPermissionManager.tsx","67","        const childIds = relationships.map(rel => rel.child_id);"
"E:\Projects\mQuiz\src\components\parent\ChildPermissionManager.tsx","69","        const placeholders = childIds.map(() => '?').join(',');"
"E:\Projects\mQuiz\src\components\parent\ChildPermissionManager.tsx","70","        const { data: childrenData, error: childrenError } = await dbService.getProvider().query("
"E:\Projects\mQuiz\src\components\parent\ChildPermissionManager.tsx","72","          [...childIds, true]"
"E:\Projects\mQuiz\src\components\parent\ChildPermissionManager.tsx","75","        if (childrenError) throw childrenError;"
"E:\Projects\mQuiz\src\components\parent\ChildPermissionManager.tsx","77","        setChildren(childrenData || []);"
"E:\Projects\mQuiz\src\components\parent\ChildPermissionManager.tsx","79","        // Initialize default permissions for each child"
"E:\Projects\mQuiz\src\components\parent\ChildPermissionManager.tsx","80","        const defaultPermissions: Record<string, ChildPermissions> = {};"
"E:\Projects\mQuiz\src\components\parent\ChildPermissionManager.tsx","81","        (childrenData || []).forEach(child => {"
"E:\Projects\mQuiz\src\components\parent\ChildPermissionManager.tsx","82","          defaultPermissions[child.user_id] = {"
"E:\Projects\mQuiz\src\components\parent\ChildPermissionManager.tsx","83","            user_id: child.user_id,"
"E:\Projects\mQuiz\src\components\parent\ChildPermissionManager.tsx","97","        title: ""Error fetching children"","
"E:\Projects\mQuiz\src\components\parent\ChildPermissionManager.tsx","106","  const updatePermission = (childId: string, key: keyof ChildPermissions, value: any) => {"
"E:\Projects\mQuiz\src\components\parent\ChildPermissionManager.tsx","109","      [childId]: {"
"E:\Projects\mQuiz\src\components\parent\ChildPermissionManager.tsx","110","        ...prev[childId],"
"E:\Projects\mQuiz\src\components\parent\ChildPermissionManager.tsx","116","  const savePermissions = async (childId: string) => {"
"E:\Projects\mQuiz\src\components\parent\ChildPermissionManager.tsx","118","      // In a real implementation, you would save these to a child_permissions table"
"E:\Projects\mQuiz\src\components\parent\ChildPermissionManager.tsx","122","        description: ""Child permissions have been updated successfully."","
"E:\Projects\mQuiz\src\components\parent\ChildPermissionManager.tsx","134","  const getPermissionsSummary = (childId: string) => {"
"E:\Projects\mQuiz\src\components\parent\ChildPermissionManager.tsx","135","    const perms = permissions[childId];"
"E:\Projects\mQuiz\src\components\parent\ChildPermissionManager.tsx","162","          Child Permission Manager"
"E:\Projects\mQuiz\src\components\parent\ChildPermissionManager.tsx","165","          Control what your children can access and do in the system"
"E:\Projects\mQuiz\src\components\parent\ChildPermissionManager.tsx","170","        {children.length === 0 ? ("
"E:\Projects\mQuiz\src\components\parent\ChildPermissionManager.tsx","173","            <h3 className=""text-lg font-medium mb-2"">No children to manage</h3>"
"E:\Projects\mQuiz\src\components\parent\ChildPermissionManager.tsx","175","              Add children to your account to manage their permissions."
"E:\Projects\mQuiz\src\components\parent\ChildPermissionManager.tsx","180","            {children.map((child) => ("
"E:\Projects\mQuiz\src\components\parent\ChildPermissionManager.tsx","181","              <div key={child.user_id} className=""border rounded-lg p-4"">"
"E:\Projects\mQuiz\src\components\parent\ChildPermissionManager.tsx","185","                      {child.full_name?.charAt(0) || child.email?.charAt(0) || '?'}"
"E:\Projects\mQuiz\src\components\parent\ChildPermissionManager.tsx","188","                      <h4 className=""font-medium"">{child.full_name || child.email}</h4>"
"E:\Projects\mQuiz\src\components\parent\ChildPermissionManager.tsx","190","                        {getPermissionsSummary(child.user_id)}"
"E:\Projects\mQuiz\src\components\parent\ChildPermissionManager.tsx","196","                    <DialogTrigger asChild>"
"E:\Projects\mQuiz\src\components\parent\ChildPermissionManager.tsx","205","                          Permissions for {child.full_name || child.email}"
"E:\Projects\mQuiz\src\components\parent\ChildPermissionManager.tsx","208","                          Configure what this child can access and do"
"E:\Projects\mQuiz\src\components\parent\ChildPermissionManager.tsx","222","                              <Label htmlFor={`retake-${child.user_id}`}>Allow test retakes</Label>"
"E:\Projects\mQuiz\src\components\parent\ChildPermissionManager.tsx","224","                                id={`retake-${child.user_id}`}"
"E:\Projects\mQuiz\src\components\parent\ChildPermissionManager.tsx","225","                                checked={permissions[child.user_id]?.can_retake_tests || false}"
"E:\Projects\mQuiz\src\components\parent\ChildPermissionManager.tsx","227","                                  updatePermission(child.user_id, 'can_retake_tests', checked)"
"E:\Projects\mQuiz\src\components\parent\ChildPermissionManager.tsx","233","                              <Label htmlFor={`detailed-${child.user_id}`}>View detailed results</Label>"
"E:\Projects\mQuiz\src\components\parent\ChildPermissionManager.tsx","235","                                id={`detailed-${child.user_id}`}"
"E:\Projects\mQuiz\src\components\parent\ChildPermissionManager.tsx","236","                                checked={permissions[child.user_id]?.can_view_detailed_results || false}"
"E:\Projects\mQuiz\src\components\parent\ChildPermissionManager.tsx","238","                                  updatePermission(child.user_id, 'can_view_detailed_results', checked)"
"E:\Projects\mQuiz\src\components\parent\ChildPermissionManager.tsx","244","                              <Label htmlFor={`max-attempts-${child.user_id}`}>Max attempts per test</Label>"
"E:\Projects\mQuiz\src\components\parent\ChildPermissionManager.tsx","246","                                value={permissions[child.user_id]?.max_test_attempts?.toString() || '3'}"
"E:\Projects\mQuiz\src\components\parent\ChildPermissionManager.tsx","248","                                  updatePermission(child.user_id, 'max_test_attempts', parseInt(value))"
"E:\Projects\mQuiz\src\components\parent\ChildPermissionManager.tsx","275","                              <Label htmlFor={`content-${child.user_id}`}>Access content library</Label>"
"E:\Projects\mQuiz\src\components\parent\ChildPermissionManager.tsx","277","                                id={`content-${child.user_id}`}"
"E:\Projects\mQuiz\src\components\parent\ChildPermissionManager.tsx","278","                                checked={permissions[child.user_id]?.can_access_content_library || false}"
"E:\Projects\mQuiz\src\components\parent\ChildPermissionManager.tsx","280","                                  updatePermission(child.user_id, 'can_access_content_library', checked)"
"E:\Projects\mQuiz\src\components\parent\ChildPermissionManager.tsx","296","                              <Label htmlFor={`analytics-${child.user_id}`}>View performance analytics</Label>"
"E:\Projects\mQuiz\src\components\parent\ChildPermissionManager.tsx","298","                                id={`analytics-${child.user_id}`}"
"E:\Projects\mQuiz\src\components\parent\ChildPermissionManager.tsx","299","                                checked={permissions[child.user_id]?.can_view_analytics || false}"
"E:\Projects\mQuiz\src\components\parent\ChildPermissionManager.tsx","301","                                  updatePermission(child.user_id, 'can_view_analytics', checked)"
"E:\Projects\mQuiz\src\components\parent\ChildPermissionManager.tsx","310","                            onClick={() => savePermissions(child.user_id)}"
"E:\Projects\mQuiz\src\components\parent\ChildPermissionManager.tsx","324","                  <Badge variant={permissions[child.user_id]?.can_retake_tests ? ""default"" : ""secondary""}>"
"E:\Projects\mQuiz\src\components\parent\ChildPermissionManager.tsx","325","                    {permissions[child.user_id]?.can_retake_tests ? <Unlock className=""w-3 h-3 mr-1"" /> : <Lock className=""w-3 h-3 mr-1"" />}"
"E:\Projects\mQuiz\src\components\parent\ChildPermissionManager.tsx","328","                  <Badge variant={permissions[child.user_id]?.can_view_analytics ? ""default"" : ""secondary""}>"
"E:\Projects\mQuiz\src\components\parent\ChildPermissionManager.tsx","329","                    {permissions[child.user_id]?.can_view_analytics ? <Unlock className=""w-3 h-3 mr-1"" /> : <Lock className=""w-3 h-3 mr-1"" />}"
"E:\Projects\mQuiz\src\components\parent\ChildPermissionManager.tsx","332","                  <Badge variant={permissions[child.user_id]?.can_access_content_library ? ""default"" : ""secondary""}>"
"E:\Projects\mQuiz\src\components\parent\ChildPermissionManager.tsx","333","                    {permissions[child.user_id]?.can_access_content_library ? <Unlock className=""w-3 h-3 mr-1"" /> : <Lock className=""w-3 h-3 mr-1"" />}"
"E:\Projects\mQuiz\src\components\parent\ChildPermissionManager.tsx","336","                  <Badge variant={permissions[child.user_id]?.can_view_detailed_results ? ""default"" : ""secondary""}>"
"E:\Projects\mQuiz\src\components\parent\ChildPermissionManager.tsx","337","                    {permissions[child.user_id]?.can_view_detailed_results ? <Unlock className=""w-3 h-3 mr-1"" /> : <Lock className=""w-3 h-3 mr-1"" />}"
"E:\Projects\mQuiz\src\components\parent\ChildrenManagement.tsx","14","import { ChildAcademicProfile } from './ChildAcademicProfile';"
"E:\Projects\mQuiz\src\components\parent\ChildrenManagement.tsx","29","interface Child {"
"E:\Projects\mQuiz\src\components\parent\ChildrenManagement.tsx","40","interface ChildrenManagementProps {"
"E:\Projects\mQuiz\src\components\parent\ChildrenManagement.tsx","41","  onChildrenUpdate?: () => void;"
"E:\Projects\mQuiz\src\components\parent\ChildrenManagement.tsx","44","export const ChildrenManagement = ({ onChildrenUpdate }: ChildrenManagementProps) => {"
"E:\Projects\mQuiz\src\components\parent\ChildrenManagement.tsx","45","  const [children, setChildren] = useState<Child[]>([]);"
"E:\Projects\mQuiz\src\components\parent\ChildrenManagement.tsx","47","  const [isAddingChild, setIsAddingChild] = useState(false);"
"E:\Projects\mQuiz\src\components\parent\ChildrenManagement.tsx","48","  const [newChildEmail, setNewChildEmail] = useState('');"
"E:\Projects\mQuiz\src\components\parent\ChildrenManagement.tsx","49","  const [newChildName, setNewChildName] = useState('');"
"E:\Projects\mQuiz\src\components\parent\ChildrenManagement.tsx","51","  const [selectedChildForProfile, setSelectedChildForProfile] = useState<Child | null>(null);"
"E:\Projects\mQuiz\src\components\parent\ChildrenManagement.tsx","52","  const [togglingChildId, setTogglingChildId] = useState<string | null>(null);"
"E:\Projects\mQuiz\src\components\parent\ChildrenManagement.tsx","57","    fetchChildren();"
"E:\Projects\mQuiz\src\components\parent\ChildrenManagement.tsx","60","  const fetchChildren = async () => {"
"E:\Projects\mQuiz\src\components\parent\ChildrenManagement.tsx","64","        console.log('ChildrenManagement: No authenticated user');"
"E:\Projects\mQuiz\src\components\parent\ChildrenManagement.tsx","68","      console.log('ChildrenManagement: Fetching children for parent:', user.id);"
"E:\Projects\mQuiz\src\components\parent\ChildrenManagement.tsx","70","      // Get children associated with this parent"
"E:\Projects\mQuiz\src\components\parent\ChildrenManagement.tsx","72","        'SELECT * FROM parent_child_relationships WHERE parent_id = ?',"
"E:\Projects\mQuiz\src\components\parent\ChildrenManagement.tsx","78","      let childIds = (relationships || []).map((rel: any) => rel.child_id);"
"E:\Projects\mQuiz\src\components\parent\ChildrenManagement.tsx","80","      // Fallback: If logged in as admin or demo parent without explicit relationship rows, show assigned children"
"E:\Projects\mQuiz\src\components\parent\ChildrenManagement.tsx","81","      if (childIds.length === 0) {"
"E:\Projects\mQuiz\src\components\parent\ChildrenManagement.tsx","82","        const { data: allRels } = await dbService.getProvider().query('SELECT * FROM parent_child_relationships');"
"E:\Projects\mQuiz\src\components\parent\ChildrenManagement.tsx","84","          childIds = allRels.map((r: any) => r.child_id);"
"E:\Projects\mQuiz\src\components\parent\ChildrenManagement.tsx","88","      if (childIds.length > 0) {"
"E:\Projects\mQuiz\src\components\parent\ChildrenManagement.tsx","89","        const placeholders = childIds.map(() => '?').join(',');"
"E:\Projects\mQuiz\src\components\parent\ChildrenManagement.tsx","90","        const { data: childrenData, error: childrenError } = await dbService.getProvider().query("
"E:\Projects\mQuiz\src\components\parent\ChildrenManagement.tsx","92","          childIds"
"E:\Projects\mQuiz\src\components\parent\ChildrenManagement.tsx","95","        if (childrenError) throw childrenError;"
"E:\Projects\mQuiz\src\components\parent\ChildrenManagement.tsx","103","        const childrenWithAcademicInfo = await Promise.all("
"E:\Projects\mQuiz\src\components\parent\ChildrenManagement.tsx","104","          (childrenData || []).map(async (child: any) => {"
"E:\Projects\mQuiz\src\components\parent\ChildrenManagement.tsx","105","            // Fetch class assignment by child_id"
"E:\Projects\mQuiz\src\components\parent\ChildrenManagement.tsx","107","              'SELECT * FROM child_class_assignments WHERE child_id = ? LIMIT 1',"
"E:\Projects\mQuiz\src\components\parent\ChildrenManagement.tsx","108","              [child.user_id]"
"E:\Projects\mQuiz\src\components\parent\ChildrenManagement.tsx","112","            // Fetch subject assignments by child_id"
"E:\Projects\mQuiz\src\components\parent\ChildrenManagement.tsx","114","              'SELECT * FROM child_subject_assignments WHERE child_id = ?',"
"E:\Projects\mQuiz\src\components\parent\ChildrenManagement.tsx","115","              [child.user_id]"
"E:\Projects\mQuiz\src\components\parent\ChildrenManagement.tsx","122","              ...child,"
"E:\Projects\mQuiz\src\components\parent\ChildrenManagement.tsx","129","        setChildren(childrenWithAcademicInfo);"
"E:\Projects\mQuiz\src\components\parent\ChildrenManagement.tsx","131","        setChildren([]);"
"E:\Projects\mQuiz\src\components\parent\ChildrenManagement.tsx","134","      console.error('ChildrenManagement: Error fetching children:', error);"
"E:\Projects\mQuiz\src\components\parent\ChildrenManagement.tsx","136","        title: ""Error fetching children"","
"E:\Projects\mQuiz\src\components\parent\ChildrenManagement.tsx","145","  const handleAddChild = async () => {"
"E:\Projects\mQuiz\src\components\parent\ChildrenManagement.tsx","146","    if (!newChildEmail || !newChildName) {"
"E:\Projects\mQuiz\src\components\parent\ChildrenManagement.tsx","149","        description: ""Please provide both email and name for the child."","
"E:\Projects\mQuiz\src\components\parent\ChildrenManagement.tsx","155","    setIsAddingChild(true);"
"E:\Projects\mQuiz\src\components\parent\ChildrenManagement.tsx","163","      // create mock child account in local db"
"E:\Projects\mQuiz\src\components\parent\ChildrenManagement.tsx","164","      const newChildId = crypto.randomUUID();"
"E:\Projects\mQuiz\src\components\parent\ChildrenManagement.tsx","167","        [newChildId, newChildEmail, newChildName, 'student', true]"
"E:\Projects\mQuiz\src\components\parent\ChildrenManagement.tsx","170","        'INSERT INTO parent_child_relationships (id, parent_id, child_id) VALUES (?, ?, ?)',"
"E:\Projects\mQuiz\src\components\parent\ChildrenManagement.tsx","171","        [crypto.randomUUID(), user.id, newChildId]"
"E:\Projects\mQuiz\src\components\parent\ChildrenManagement.tsx","178","        title: ""Child added successfully"","
"E:\Projects\mQuiz\src\components\parent\ChildrenManagement.tsx","179","        description: `${newChildName} has been added to your children list.`,"
"E:\Projects\mQuiz\src\components\parent\ChildrenManagement.tsx","183","      setNewChildEmail('');"
"E:\Projects\mQuiz\src\components\parent\ChildrenManagement.tsx","184","      setNewChildName('');"
"E:\Projects\mQuiz\src\components\parent\ChildrenManagement.tsx","186","      fetchChildren();"
"E:\Projects\mQuiz\src\components\parent\ChildrenManagement.tsx","187","      onChildrenUpdate?.();"
"E:\Projects\mQuiz\src\components\parent\ChildrenManagement.tsx","192","        title: ""Failed to add child"","
"E:\Projects\mQuiz\src\components\parent\ChildrenManagement.tsx","197","      setIsAddingChild(false);"
"E:\Projects\mQuiz\src\components\parent\ChildrenManagement.tsx","201","  const handleRemoveChild = async (childId: string, childName: string) => {"
"E:\Projects\mQuiz\src\components\parent\ChildrenManagement.tsx","202","    if (!confirm(`Are you sure you want to remove ${childName} from your children list?`)) {"
"E:\Projects\mQuiz\src\components\parent\ChildrenManagement.tsx","211","        'DELETE FROM parent_child_relationships WHERE parent_id = ? AND child_id = ?',"
"E:\Projects\mQuiz\src\components\parent\ChildrenManagement.tsx","212","        [user.id, childId]"
"E:\Projects\mQuiz\src\components\parent\ChildrenManagement.tsx","218","        title: ""Child removed"","
"E:\Projects\mQuiz\src\components\parent\ChildrenManagement.tsx","219","        description: `${childName} has been removed from your children list.`,"
"E:\Projects\mQuiz\src\components\parent\ChildrenManagement.tsx","222","      fetchChildren();"
"E:\Projects\mQuiz\src\components\parent\ChildrenManagement.tsx","223","      onChildrenUpdate?.();"
"E:\Projects\mQuiz\src\components\parent\ChildrenManagement.tsx","228","        title: ""Failed to remove child"","
"E:\Projects\mQuiz\src\components\parent\ChildrenManagement.tsx","236","  const handleToggleActive = async (childId: string, currentStatus: boolean) => {"
"E:\Projects\mQuiz\src\components\parent\ChildrenManagement.tsx","237","    setTogglingChildId(childId);"
"E:\Projects\mQuiz\src\components\parent\ChildrenManagement.tsx","241","        [!currentStatus, childId]"
"E:\Projects\mQuiz\src\components\parent\ChildrenManagement.tsx","248","        description: `Child account is now ${!currentStatus ? 'active' : 'inactive'}`,"
"E:\Projects\mQuiz\src\components\parent\ChildrenManagement.tsx","251","      fetchChildren();"
"E:\Projects\mQuiz\src\components\parent\ChildrenManagement.tsx","260","      setTogglingChildId(null);"
"E:\Projects\mQuiz\src\components\parent\ChildrenManagement.tsx","305","            <CardTitle className=""flex items-center text-2xl font-bold bg-gradient-to-r from-primary to-primary/60 bg-clip-text text-transparent"">"
"E:\Projects\mQuiz\src\components\parent\ChildrenManagement.tsx","307","              Children Management"
"E:\Projects\mQuiz\src\components\parent\ChildrenManagement.tsx","310","              Manage and monitor your children's academic profiles"
"E:\Projects\mQuiz\src\components\parent\ChildrenManagement.tsx","315","            <DialogTrigger asChild>"
"E:\Projects\mQuiz\src\components\parent\ChildrenManagement.tsx","318","                Add Child"
"E:\Projects\mQuiz\src\components\parent\ChildrenManagement.tsx","323","                <DialogTitle>Add New Child</DialogTitle>"
"E:\Projects\mQuiz\src\components\parent\ChildrenManagement.tsx","325","                  Add a child account to manage their tests and progress."
"E:\Projects\mQuiz\src\components\parent\ChildrenManagement.tsx","331","                  <Label htmlFor=""childName"">Child's Full Name</Label>"
"E:\Projects\mQuiz\src\components\parent\ChildrenManagement.tsx","333","                    id=""childName"""
"E:\Projects\mQuiz\src\components\parent\ChildrenManagement.tsx","334","                    value={newChildName}"
"E:\Projects\mQuiz\src\components\parent\ChildrenManagement.tsx","335","                    onChange={(e) => setNewChildName(e.target.value)}"
"E:\Projects\mQuiz\src\components\parent\ChildrenManagement.tsx","336","                    placeholder=""Enter child's full name"""
"E:\Projects\mQuiz\src\components\parent\ChildrenManagement.tsx","341","                  <Label htmlFor=""childEmail"">Child's Email</Label>"
"E:\Projects\mQuiz\src\components\parent\ChildrenManagement.tsx","343","                    id=""childEmail"""
"E:\Projects\mQuiz\src\components\parent\ChildrenManagement.tsx","345","                    value={newChildEmail}"
"E:\Projects\mQuiz\src\components\parent\ChildrenManagement.tsx","346","                    onChange={(e) => setNewChildEmail(e.target.value)}"
"E:\Projects\mQuiz\src\components\parent\ChildrenManagement.tsx","347","                    placeholder=""Enter child's email address"""
"E:\Projects\mQuiz\src\components\parent\ChildrenManagement.tsx","354","                    If the child doesn't have an account, we'll create one and send login instructions to their email."
"E:\Projects\mQuiz\src\components\parent\ChildrenManagement.tsx","360","                    onClick={handleAddChild} "
"E:\Projects\mQuiz\src\components\parent\ChildrenManagement.tsx","361","                    disabled={isAddingChild || !newChildEmail || !newChildName}"
"E:\Projects\mQuiz\src\components\parent\ChildrenManagement.tsx","364","                    {isAddingChild ? ("
"E:\Projects\mQuiz\src\components\parent\ChildrenManagement.tsx","372","                        Add Child"
"E:\Projects\mQuiz\src\components\parent\ChildrenManagement.tsx","387","        {children.length === 0 ? ("
"E:\Projects\mQuiz\src\components\parent\ChildrenManagement.tsx","392","            <h3 className=""text-xl font-semibold mb-2"">No children added yet</h3>"
"E:\Projects\mQuiz\src\components\parent\ChildrenManagement.tsx","394","              Start by adding your children to create and assign personalized tests."
"E:\Projects\mQuiz\src\components\parent\ChildrenManagement.tsx","399","            {children.map((child) => ("
"E:\Projects\mQuiz\src\components\parent\ChildrenManagement.tsx","401","                key={child.id} "
"E:\Projects\mQuiz\src\components\parent\ChildrenManagement.tsx","410","                          {child.full_name?.charAt(0) || child.email?.charAt(0) || '?'}"
"E:\Projects\mQuiz\src\components\parent\ChildrenManagement.tsx","412","                        {child.is_approved && ("
"E:\Projects\mQuiz\src\components\parent\ChildrenManagement.tsx","420","                        <h4 className=""font-semibold text-lg truncate"">{child.full_name || 'Unnamed Child'}</h4>"
"E:\Projects\mQuiz\src\components\parent\ChildrenManagement.tsx","423","                          {child.email}"
"E:\Projects\mQuiz\src\components\parent\ChildrenManagement.tsx","427","                          {togglingChildId === child.user_id ? ("
"E:\Projects\mQuiz\src\components\parent\ChildrenManagement.tsx","435","                                {child.is_approved ? 'Active' : 'Inactive'}"
"E:\Projects\mQuiz\src\components\parent\ChildrenManagement.tsx","438","                                checked={child.is_approved}"
"E:\Projects\mQuiz\src\components\parent\ChildrenManagement.tsx","439","                                onCheckedChange={() => handleToggleActive(child.user_id, child.is_approved)}"
"E:\Projects\mQuiz\src\components\parent\ChildrenManagement.tsx","441","                                disabled={togglingChildId !== null}"
"E:\Projects\mQuiz\src\components\parent\ChildrenManagement.tsx","455","                    ) : (child.class_name || (child.subject_names && child.subject_names.length > 0)) && ("
"E:\Projects\mQuiz\src\components\parent\ChildrenManagement.tsx","457","                        {child.class_name && ("
"E:\Projects\mQuiz\src\components\parent\ChildrenManagement.tsx","461","                              {child.class_name}"
"E:\Projects\mQuiz\src\components\parent\ChildrenManagement.tsx","465","                        {child.subject_names && child.subject_names.length > 0 && ("
"E:\Projects\mQuiz\src\components\parent\ChildrenManagement.tsx","467","                            {child.subject_names.map((subject, index) => ("
"E:\Projects\mQuiz\src\components\parent\ChildrenManagement.tsx","483","                      onClick={() => setSelectedChildForProfile(child)}"
"E:\Projects\mQuiz\src\components\parent\ChildrenManagement.tsx","492","                      onClick={() => handleRemoveChild(child.user_id, child.full_name || child.email || 'Child')}"
"E:\Projects\mQuiz\src\components\parent\ChildrenManagement.tsx","505","      {selectedChildForProfile && ("
"E:\Projects\mQuiz\src\components\parent\ChildrenManagement.tsx","506","        <ChildAcademicProfile"
"E:\Projects\mQuiz\src\components\parent\ChildrenManagement.tsx","507","          isOpen={Boolean(selectedChildForProfile)}"
"E:\Projects\mQuiz\src\components\parent\ChildrenManagement.tsx","508","          onClose={() => setSelectedChildForProfile(null)}"
"E:\Projects\mQuiz\src\components\parent\ChildrenManagement.tsx","509","          childId={selectedChildForProfile.user_id}"
"E:\Projects\mQuiz\src\components\parent\ChildrenManagement.tsx","510","          childName={selectedChildForProfile.full_name || selectedChildForProfile.email || 'Child'}"
"E:\Projects\mQuiz\src\components\parent\ChildrenManagement.tsx","513","            fetchChildren();"
"E:\Projects\mQuiz\src\components\parent\ChildSubjectAssignment.tsx","10","import { useSubjectsParent } from '@/hooks/useSubjectsParent';"
"E:\Projects\mQuiz\src\components\parent\ChildSubjectAssignment.tsx","12","interface ChildSubjectAssignmentProps {"
"E:\Projects\mQuiz\src\components\parent\ChildSubjectAssignment.tsx","13","  childId: string;"
"E:\Projects\mQuiz\src\components\parent\ChildSubjectAssignment.tsx","14","  childName: string;"
"E:\Projects\mQuiz\src\components\parent\ChildSubjectAssignment.tsx","18","export const ChildSubjectAssignment = ({ childId, childName }: ChildSubjectAssignmentProps) => {"
"E:\Projects\mQuiz\src\components\parent\ChildSubjectAssignment.tsx","19","  const { subjects: allSubjects, isLoading: subjectsLoading } = useSubjectsParent();"
"E:\Projects\mQuiz\src\components\parent\ChildSubjectAssignment.tsx","28","  }, [childId]);"
"E:\Projects\mQuiz\src\components\parent\ChildSubjectAssignment.tsx","37","        'SELECT subject_id FROM child_subject_assignments WHERE child_id = ? AND parent_id = ? AND is_current = ?',"
"E:\Projects\mQuiz\src\components\parent\ChildSubjectAssignment.tsx","38","        [childId, user.id, true]"
"E:\Projects\mQuiz\src\components\parent\ChildSubjectAssignment.tsx","76","        'UPDATE child_subject_assignments SET is_current = ? WHERE child_id = ? AND parent_id = ?',"
"E:\Projects\mQuiz\src\components\parent\ChildSubjectAssignment.tsx","77","        [false, childId, user.id]"
"E:\Projects\mQuiz\src\components\parent\ChildSubjectAssignment.tsx","85","            'INSERT INTO child_subject_assignments (id, child_id, parent_id, subject_id, is_current) VALUES (?, ?, ?, ?, ?)',"
"E:\Projects\mQuiz\src\components\parent\ChildSubjectAssignment.tsx","86","            [crypto.randomUUID(), childId, user.id, subjectId, true]"
"E:\Projects\mQuiz\src\components\parent\ChildSubjectAssignment.tsx","97","        description: `${selectedSubjects.length} subjects assigned to ${childName}`,"
"E:\Projects\mQuiz\src\components\parent\ChildSubjectAssignment.tsx","132","          Subject Assignments for {childName}"
"E:\Projects\mQuiz\src\components\parent\ChildSubjectAssignment.tsx","198","            No subjects selected. The child will not have access to any subject-specific content."
"E:\Projects\mQuiz\src\components\parent\ClassManagementParent.tsx","6","import { useClassesParent } from '@/hooks/useClassesParent';"
"E:\Projects\mQuiz\src\components\parent\ClassManagementParent.tsx","11","export const ClassManagementParent = () => {"
"E:\Projects\mQuiz\src\components\parent\ClassManagementParent.tsx","12","  const { classes, isLoading, addClass, updateClass, deleteClass } = useClassesParent();"
"E:\Projects\mQuiz\src\components\parent\ContentCreation.tsx","12","import { ChildrenManagement } from './ChildrenManagement';"
"E:\Projects\mQuiz\src\components\parent\ContentCreation.tsx","31","      navigate('/parent/content/upload', { replace: true });"
"E:\Projects\mQuiz\src\components\parent\ContentCreation.tsx","36","    navigate(`/parent/content/${value}`);"
"E:\Projects\mQuiz\src\components\parent\ContentCreation.tsx","48","          Upload pages, generate question papers, and schedule tests for your children."
"E:\Projects\mQuiz\src\components\parent\ContentSharing.tsx","78","        'SELECT * FROM subjects WHERE parent_id = ? AND is_active = ? ORDER BY subject_name',"
"E:\Projects\mQuiz\src\components\parent\ContentSharing.tsx","102","          shared_with_email: 'parent@family.com',"
"E:\Projects\mQuiz\src\components\parent\ContentSharing.tsx","228","          <DialogTrigger asChild>"
"E:\Projects\mQuiz\src\components\parent\DocumentLibrary.tsx","59","        'SELECT * FROM subjects WHERE parent_id = ? AND is_active = ? ORDER BY subject_name',"
"E:\Projects\mQuiz\src\components\parent\DocumentUpload.tsx","13","import { useChildSubjects } from '@/hooks/useChildSubjects';"
"E:\Projects\mQuiz\src\components\parent\DocumentUpload.tsx","14","import { useChildClasses } from '@/hooks/useChildClasses';"
"E:\Projects\mQuiz\src\components\parent\DocumentUpload.tsx","45","  // Use child assignments hooks"
"E:\Projects\mQuiz\src\components\parent\DocumentUpload.tsx","46","  const { uniqueSubjects, isLoading: loadingSubjects } = useChildSubjects();"
"E:\Projects\mQuiz\src\components\parent\DocumentUpload.tsx","47","  const { uniqueClasses, isLoading: loadingClasses } = useChildClasses();"
"E:\Projects\mQuiz\src\components\parent\DocumentUpload.tsx","348","                <SelectItem value=""_no_subjects"" disabled>No subjects assigned to children</SelectItem>"
"E:\Projects\mQuiz\src\components\parent\DocumentUpload.tsx","370","                <SelectItem value=""_no_classes"" disabled>No classes assigned to children</SelectItem>"
"E:\Projects\mQuiz\src\components\parent\EnhancedPaperManager.tsx","425","                          <DropdownMenuTrigger asChild>"
"E:\Projects\mQuiz\src\components\parent\PapersManager.tsx","35","      navigate('/parent/papers/prepare', { replace: true });"
"E:\Projects\mQuiz\src\components\parent\PapersManager.tsx","40","    navigate(`/parent/papers/${value}`);"
"E:\Projects\mQuiz\src\components\parent\PapersManager.tsx","98","    navigate('/parent/papers/edit');"
"E:\Projects\mQuiz\src\components\parent\PapersManager.tsx","103","    navigate('/parent/papers/previous');"
"E:\Projects\mQuiz\src\components\parent\PapersManager.tsx","109","    navigate('/parent/papers/previous');"
"E:\Projects\mQuiz\src\components\parent\PapersManager.tsx","423","                              <span>{paper.assign_to_all ? 'All children' : 'Selected children'}</span>"
"E:\Projects\mQuiz\src\components\parent\PapersManager.tsx","463","                        <AlertDialogTrigger asChild>"
"E:\Projects\mQuiz\src\components\parent\ParentDashboard.tsx","7","import { ChildrenManagement } from './ChildrenManagement';"
"E:\Projects\mQuiz\src\components\parent\ParentDashboard.tsx","33","const ParentDashboardContent = () => {"
"E:\Projects\mQuiz\src\components\parent\ParentDashboard.tsx","40","    { value: 'children', label: 'Children', icon: Users },"
"E:\Projects\mQuiz\src\components\parent\ParentDashboard.tsx","52","  // Read tab from URL or default to 'children'"
"E:\Projects\mQuiz\src\components\parent\ParentDashboard.tsx","53","  const activeTab = tab || 'children';"
"E:\Projects\mQuiz\src\components\parent\ParentDashboard.tsx","59","      navigate('/parent/children', { replace: true });"
"E:\Projects\mQuiz\src\components\parent\ParentDashboard.tsx","62","      navigate(`/parent/${tab}`, { replace: true });"
"E:\Projects\mQuiz\src\components\parent\ParentDashboard.tsx","67","    navigate(`/parent/${value}`);"
"E:\Projects\mQuiz\src\components\parent\ParentDashboard.tsx","76","        currentRole={profile?.role === 'parent' ? 'parent' : null} "
"E:\Projects\mQuiz\src\components\parent\ParentDashboard.tsx","122","              <TabsContent value=""children"">"
"E:\Projects\mQuiz\src\components\parent\ParentDashboard.tsx","124","                  <ChildrenManagement />"
"E:\Projects\mQuiz\src\components\parent\ParentDashboard.tsx","196","export const ParentDashboard = () => {"
"E:\Projects\mQuiz\src\components\parent\ParentDashboard.tsx","199","      <ParentDashboardContent />"
"E:\Projects\mQuiz\src\components\parent\QuestionBank.tsx","23","import { useChildSubjects } from '@/hooks/useChildSubjects';"
"E:\Projects\mQuiz\src\components\parent\QuestionBank.tsx","24","import { useChildClasses } from '@/hooks/useChildClasses';"
"E:\Projects\mQuiz\src\components\parent\QuestionBank.tsx","76","  // Use child assignments hooks"
"E:\Projects\mQuiz\src\components\parent\QuestionBank.tsx","77","  const { uniqueSubjects, isLoading: loadingSubjects } = useChildSubjects();"
"E:\Projects\mQuiz\src\components\parent\QuestionBank.tsx","78","  const { uniqueClasses, isLoading: loadingClasses } = useChildClasses();"
"E:\Projects\mQuiz\src\components\parent\QuestionBank.tsx","344","                <PopoverTrigger asChild>"
"E:\Projects\mQuiz\src\components\parent\QuestionPaperGenerator.tsx","13","import { useChildSubjects } from '@/hooks/useChildSubjects';"
"E:\Projects\mQuiz\src\components\parent\QuestionPaperGenerator.tsx","14","import { useChildClasses } from '@/hooks/useChildClasses';"
"E:\Projects\mQuiz\src\components\parent\QuestionPaperGenerator.tsx","35","  // Use child assignments hooks"
"E:\Projects\mQuiz\src\components\parent\QuestionPaperGenerator.tsx","36","  const { uniqueSubjects, isLoading: loadingSubjects } = useChildSubjects();"
"E:\Projects\mQuiz\src\components\parent\QuestionPaperGenerator.tsx","37","  const { uniqueClasses, isLoading: loadingClasses } = useChildClasses();"
"E:\Projects\mQuiz\src\components\parent\QuestionPaperGenerator.tsx","248","                  <SelectItem value=""_no_subjects"" disabled>No subjects assigned to children</SelectItem>"
"E:\Projects\mQuiz\src\components\parent\QuestionPaperGenerator.tsx","270","                  <SelectItem value=""_no_classes"" disabled>No classes assigned to children</SelectItem>"
"E:\Projects\mQuiz\src\components\parent\ScheduleManager.tsx","155","                            <span>{test.assign_to_all ? 'All children' : 'Selected children'}</span>"
"E:\Projects\mQuiz\src\components\parent\ScheduleManager.tsx","179","                      <AlertDialogTrigger asChild>"
"E:\Projects\mQuiz\src\components\parent\SubjectManagementParent.tsx","7","import { useSubjectsParent } from '@/hooks/useSubjectsParent';"
"E:\Projects\mQuiz\src\components\parent\SubjectManagementParent.tsx","12","export const SubjectManagementParent = () => {"
"E:\Projects\mQuiz\src\components\parent\SubjectManagementParent.tsx","13","  const { subjects, isLoading, addSubject, updateSubject, deleteSubject } = useSubjectsParent();"
"E:\Projects\mQuiz\src\components\parent\UnifiedPaperCreator.tsx","19","import { useChildSubjects } from '@/hooks/useChildSubjects';"
"E:\Projects\mQuiz\src\components\parent\UnifiedPaperCreator.tsx","20","import { useChildClasses } from '@/hooks/useChildClasses';"
"E:\Projects\mQuiz\src\components\parent\UnifiedPaperCreator.tsx","46","  parent_id: string;"
"E:\Projects\mQuiz\src\components\parent\UnifiedPaperCreator.tsx","49","interface Child {"
"E:\Projects\mQuiz\src\components\parent\UnifiedPaperCreator.tsx","83","  selected_children?: string[];"
"E:\Projects\mQuiz\src\components\parent\UnifiedPaperCreator.tsx","105","    selected_children: [],"
"E:\Projects\mQuiz\src\components\parent\UnifiedPaperCreator.tsx","109","  const [children, setChildren] = useState<Child[]>([]);"
"E:\Projects\mQuiz\src\components\parent\UnifiedPaperCreator.tsx","132","  // Use child assignments hooks (same as Upload tab)"
"E:\Projects\mQuiz\src\components\parent\UnifiedPaperCreator.tsx","133","  const { uniqueSubjects, isLoading: loadingSubjects } = useChildSubjects();"
"E:\Projects\mQuiz\src\components\parent\UnifiedPaperCreator.tsx","134","  const { uniqueClasses, isLoading: loadingClasses } = useChildClasses();"
"E:\Projects\mQuiz\src\components\parent\UnifiedPaperCreator.tsx","136","  // When editing, ensure the paper's subject/class are available even if not currently assigned to children"
"E:\Projects\mQuiz\src\components\parent\UnifiedPaperCreator.tsx","174","      loadChildren();"
"E:\Projects\mQuiz\src\components\parent\UnifiedPaperCreator.tsx","256","  const loadChildren = async () => {"
"E:\Projects\mQuiz\src\components\parent\UnifiedPaperCreator.tsx","258","      console.log('No user ID available, skipping children load');"
"E:\Projects\mQuiz\src\components\parent\UnifiedPaperCreator.tsx","263","      console.log('Loading children for user:', user.id);"
"E:\Projects\mQuiz\src\components\parent\UnifiedPaperCreator.tsx","264","      // Get child IDs first"
"E:\Projects\mQuiz\src\components\parent\UnifiedPaperCreator.tsx","266","        'SELECT child_id FROM parent_child_relationships WHERE parent_id = ?',"
"E:\Projects\mQuiz\src\components\parent\UnifiedPaperCreator.tsx","273","        setChildren([]);"
"E:\Projects\mQuiz\src\components\parent\UnifiedPaperCreator.tsx","277","      // Get children profiles"
"E:\Projects\mQuiz\src\components\parent\UnifiedPaperCreator.tsx","278","      const childIds = relationships.map((r: any) => r.child_id);"
"E:\Projects\mQuiz\src\components\parent\UnifiedPaperCreator.tsx","280","      const { data: childProfiles, error: profileError } = await dbService.getProvider().query("
"E:\Projects\mQuiz\src\components\parent\UnifiedPaperCreator.tsx","281","        `SELECT id, user_id, full_name, email FROM profiles WHERE user_id IN (${childIds.map(() => '?').join(',')})`,"
"E:\Projects\mQuiz\src\components\parent\UnifiedPaperCreator.tsx","282","        childIds"
"E:\Projects\mQuiz\src\components\parent\UnifiedPaperCreator.tsx","287","      setChildren(childProfiles || []);"
"E:\Projects\mQuiz\src\components\parent\UnifiedPaperCreator.tsx","289","      console.error('Error loading children:', error);"
"E:\Projects\mQuiz\src\components\parent\UnifiedPaperCreator.tsx","529","      // If not assigning to all children, create individual assignments"
"E:\Projects\mQuiz\src\components\parent\UnifiedPaperCreator.tsx","530","      if (!formData.assign_to_all && formData.selected_children && formData.selected_children.length > 0) {"
"E:\Projects\mQuiz\src\components\parent\UnifiedPaperCreator.tsx","531","        for (const childId of formData.selected_children) {"
"E:\Projects\mQuiz\src\components\parent\UnifiedPaperCreator.tsx","534","            [crypto.randomUUID(), paperId, childId]"
"E:\Projects\mQuiz\src\components\parent\UnifiedPaperCreator.tsx","559","          selected_children: [],"
"E:\Projects\mQuiz\src\components\parent\UnifiedPaperCreator.tsx","748","                      <SelectItem value=""_no_subjects"" disabled>No subjects assigned to children</SelectItem>"
"E:\Projects\mQuiz\src\components\parent\UnifiedPaperCreator.tsx","782","                      <SelectItem value=""_no_classes"" disabled>No classes assigned to children</SelectItem>"
"E:\Projects\mQuiz\src\components\parent\UnifiedPaperCreator.tsx","869","                    <PopoverTrigger asChild>"
"E:\Projects\mQuiz\src\components\parent\UnifiedPaperCreator.tsx","897","                    <PopoverTrigger asChild>"
"E:\Projects\mQuiz\src\components\parent\UnifiedPaperCreator.tsx","934","                      selected_children: checked ? [] : prev.selected_children"
"E:\Projects\mQuiz\src\components\parent\UnifiedPaperCreator.tsx","937","                  <Label>Assign to All Children</Label>"
"E:\Projects\mQuiz\src\components\parent\UnifiedPaperCreator.tsx","944","                      Select Children to Assign"
"E:\Projects\mQuiz\src\components\parent\UnifiedPaperCreator.tsx","946","                    {children.length === 0 ? ("
"E:\Projects\mQuiz\src\components\parent\UnifiedPaperCreator.tsx","947","                      <p className=""text-sm text-muted-foreground"">No children found. Add children to your account first.</p>"
"E:\Projects\mQuiz\src\components\parent\UnifiedPaperCreator.tsx","950","                        {children.map((child) => ("
"E:\Projects\mQuiz\src\components\parent\UnifiedPaperCreator.tsx","951","                          <div key={child.id} className=""flex items-center space-x-2 p-2 border rounded"">"
"E:\Projects\mQuiz\src\components\parent\UnifiedPaperCreator.tsx","953","                              id={child.id}"
"E:\Projects\mQuiz\src\components\parent\UnifiedPaperCreator.tsx","954","                              checked={formData.selected_children?.includes(child.user_id) || false}"
"E:\Projects\mQuiz\src\components\parent\UnifiedPaperCreator.tsx","959","                                    selected_children: [...(prev.selected_children || []), child.user_id]"
"E:\Projects\mQuiz\src\components\parent\UnifiedPaperCreator.tsx","964","                                    selected_children: prev.selected_children?.filter(id => id !== child.user_id) || []"
"E:\Projects\mQuiz\src\components\parent\UnifiedPaperCreator.tsx","969","                            <Label htmlFor={child.id} className=""text-sm"">"
"E:\Projects\mQuiz\src\components\parent\UnifiedPaperCreator.tsx","970","                              {child.full_name || child.email}"
"E:\Projects\mQuiz\src\components\parent\UnifiedPaperCreator.tsx","1028","                          <AlertDialogTrigger asChild>"
"E:\Projects\mQuiz\src\components\parent\UnifiedPaperCreator.tsx","1176","                          <PopoverTrigger asChild>"
"E:\Projects\mQuiz\src\components\profile\ProfileManagement.tsx","25","interface ChildProfile {"
"E:\Projects\mQuiz\src\components\profile\ProfileManagement.tsx","37","  const [children, setChildren] = useState<ChildProfile[]>([]);"
"E:\Projects\mQuiz\src\components\profile\ProfileManagement.tsx","40","  const [parentGuardian, setParentGuardian] = useState<{ full_name: string; email: string } | null>(null);"
"E:\Projects\mQuiz\src\components\profile\ProfileManagement.tsx","53","      if (profile.role === 'parent') {"
"E:\Projects\mQuiz\src\components\profile\ProfileManagement.tsx","54","        loadChildren(profile.user_id);"
"E:\Projects\mQuiz\src\components\profile\ProfileManagement.tsx","66","        'SELECT * FROM child_class_assignments WHERE child_id = ? AND is_current = true LIMIT 1',"
"E:\Projects\mQuiz\src\components\profile\ProfileManagement.tsx","81","        'SELECT * FROM child_subject_assignments WHERE child_id = ? AND is_current = true',"
"E:\Projects\mQuiz\src\components\profile\ProfileManagement.tsx","94","      // Load parent guardian relationship"
"E:\Projects\mQuiz\src\components\profile\ProfileManagement.tsx","96","        'SELECT parent_id FROM parent_child_relationships WHERE child_id = ? LIMIT 1',"
"E:\Projects\mQuiz\src\components\profile\ProfileManagement.tsx","101","      if (rel?.parent_id) {"
"E:\Projects\mQuiz\src\components\profile\ProfileManagement.tsx","102","        const parentProfData = await dbService.getProvider().query("
"E:\Projects\mQuiz\src\components\profile\ProfileManagement.tsx","104","          [rel.parent_id]"
"E:\Projects\mQuiz\src\components\profile\ProfileManagement.tsx","106","        if (parentProfData[0]) setParentGuardian({ full_name: parentProfData[0].full_name, email: parentProfData[0].email });"
"E:\Projects\mQuiz\src\components\profile\ProfileManagement.tsx","113","  const loadChildren = async (userId: string) => {"
"E:\Projects\mQuiz\src\components\profile\ProfileManagement.tsx","117","      // First get the child relationships"
"E:\Projects\mQuiz\src\components\profile\ProfileManagement.tsx","119","        'SELECT child_id FROM parent_child_relationships WHERE parent_id = ?',"
"E:\Projects\mQuiz\src\components\profile\ProfileManagement.tsx","124","        const childIds = new Set(relationships.map((rel: any) => rel.child_id));"
"E:\Projects\mQuiz\src\components\profile\ProfileManagement.tsx","126","        // Then get the profiles for those child IDs"
"E:\Projects\mQuiz\src\components\profile\ProfileManagement.tsx","133","        setChildren((allProfiles || []).filter((p: any) => childIds.has(p.user_id)));"
"E:\Projects\mQuiz\src\components\profile\ProfileManagement.tsx","136","      console.error('Error loading children:', error);"
"E:\Projects\mQuiz\src\components\profile\ProfileManagement.tsx","177","      case 'parent': return <Users className=""h-5 w-5"" />;"
"E:\Projects\mQuiz\src\components\profile\ProfileManagement.tsx","186","      case 'parent': return 'bg-blue-100 text-blue-800 border-blue-200';"
"E:\Projects\mQuiz\src\components\profile\ProfileManagement.tsx","338","      {/* Children (for parents) */}"
"E:\Projects\mQuiz\src\components\profile\ProfileManagement.tsx","339","      {profile.role === 'parent' && ("
"E:\Projects\mQuiz\src\components\profile\ProfileManagement.tsx","344","              My Children"
"E:\Projects\mQuiz\src\components\profile\ProfileManagement.tsx","348","            {children.length === 0 ? ("
"E:\Projects\mQuiz\src\components\profile\ProfileManagement.tsx","351","                <p>No children added yet</p>"
"E:\Projects\mQuiz\src\components\profile\ProfileManagement.tsx","352","                <p className=""text-sm"">Children can be added by creating accounts with their information</p>"
"E:\Projects\mQuiz\src\components\profile\ProfileManagement.tsx","356","                {children.map((child) => ("
"E:\Projects\mQuiz\src\components\profile\ProfileManagement.tsx","357","                  <div key={child.id} className=""flex items-center gap-3 p-3 border rounded-lg"">"
"E:\Projects\mQuiz\src\components\profile\ProfileManagement.tsx","362","                      <div className=""font-medium"">{child.full_name || 'Unknown'}</div>"
"E:\Projects\mQuiz\src\components\profile\ProfileManagement.tsx","363","                      <div className=""text-sm text-muted-foreground"">{child.email}</div>"
"E:\Projects\mQuiz\src\components\profile\ProfileManagement.tsx","366","                      Added {new Date(child.created_at).toLocaleDateString()}"
"E:\Projects\mQuiz\src\components\profile\ProfileManagement.tsx","391","                <span className=""text-sm font-medium text-muted-foreground"">Parent / Guardian:</span>"
"E:\Projects\mQuiz\src\components\profile\ProfileManagement.tsx","393","                  {parentGuardian ? `${parentGuardian.full_name} (${parentGuardian.email})` : 'Not linked yet'}"
"E:\Projects\mQuiz\src\components\rbac\RoleBasedAccess.tsx","7","  children: ReactNode;"
"E:\Projects\mQuiz\src\components\rbac\RoleBasedAccess.tsx","15","  children, "
"E:\Projects\mQuiz\src\components\rbac\RoleBasedAccess.tsx","82","  // All checks passed, render children"
"E:\Projects\mQuiz\src\components\rbac\RoleBasedAccess.tsx","83","  return <>{children}</>;"
"E:\Projects\mQuiz\src\components\rbac\RoleBasedAccess.tsx","87","export const AdminOnly = ({ children, ...props }: Omit<RoleBasedAccessProps, 'allowedRoles'>) => ("
"E:\Projects\mQuiz\src\components\rbac\RoleBasedAccess.tsx","89","    {children}"
"E:\Projects\mQuiz\src\components\rbac\RoleBasedAccess.tsx","93","export const ParentOnly = ({ children, ...props }: Omit<RoleBasedAccessProps, 'allowedRoles'>) => ("
"E:\Projects\mQuiz\src\components\rbac\RoleBasedAccess.tsx","94","  <RoleBasedAccess allowedRoles={['parent']} {...props}>"
"E:\Projects\mQuiz\src\components\rbac\RoleBasedAccess.tsx","95","    {children}"
"E:\Projects\mQuiz\src\components\rbac\RoleBasedAccess.tsx","99","export const StudentOnly = ({ children, ...props }: Omit<RoleBasedAccessProps, 'allowedRoles'>) => ("
"E:\Projects\mQuiz\src\components\rbac\RoleBasedAccess.tsx","101","    {children}"
"E:\Projects\mQuiz\src\components\rbac\RoleBasedAccess.tsx","105","export const ParentOrAdmin = ({ children, ...props }: Omit<RoleBasedAccessProps, 'allowedRoles'>) => ("
"E:\Projects\mQuiz\src\components\rbac\RoleBasedAccess.tsx","106","  <RoleBasedAccess allowedRoles={['parent', 'admin']} {...props}>"
"E:\Projects\mQuiz\src\components\rbac\RoleBasedAccess.tsx","107","    {children}"
"E:\Projects\mQuiz\src\components\rbac\RoleBasedAccess.tsx","111","export const ApprovedUsers = ({ children, ...props }: Omit<RoleBasedAccessProps, 'allowedRoles'>) => ("
"E:\Projects\mQuiz\src\components\rbac\RoleBasedAccess.tsx","112","  <RoleBasedAccess allowedRoles={['admin', 'parent', 'student']} {...props}>"
"E:\Projects\mQuiz\src\components\rbac\RoleBasedAccess.tsx","113","    {children}"
"E:\Projects\mQuiz\src\components\results\ExportManager.tsx","58","      if (profile?.role === 'parent') {"
"E:\Projects\mQuiz\src\components\results\ExportManager.tsx","59","        const childrenRelations = await dbService.getProvider().query("
"E:\Projects\mQuiz\src\components\results\ExportManager.tsx","60","          'SELECT child_id FROM parent_child_relationships WHERE parent_id = ?',"
"E:\Projects\mQuiz\src\components\results\ExportManager.tsx","64","        const children = [];"
"E:\Projects\mQuiz\src\components\results\ExportManager.tsx","65","        for (const rel of childrenRelations) {"
"E:\Projects\mQuiz\src\components\results\ExportManager.tsx","68","            [rel.child_id]"
"E:\Projects\mQuiz\src\components\results\ExportManager.tsx","71","            children.push({"
"E:\Projects\mQuiz\src\components\results\ExportManager.tsx","72","              child_id: rel.child_id,"
"E:\Projects\mQuiz\src\components\results\ExportManager.tsx","78","        setStudentList(children || []);"
"E:\Projects\mQuiz\src\components\results\ExportManager.tsx","83","      if (profile?.role === 'parent') {"
"E:\Projects\mQuiz\src\components\results\ExportManager.tsx","399","              <PopoverTrigger asChild>"
"E:\Projects\mQuiz\src\components\results\ExportManager.tsx","436","          {profile?.role === 'parent' && studentList.length > 0 && ("
"E:\Projects\mQuiz\src\components\results\ExportManager.tsx","441","                  <div key={student.child_id} className=""flex items-center space-x-2"">"
"E:\Projects\mQuiz\src\components\results\ExportManager.tsx","443","                      id={student.child_id}"
"E:\Projects\mQuiz\src\components\results\ExportManager.tsx","444","                      checked={selectedStudents.includes(student.child_id)}"
"E:\Projects\mQuiz\src\components\results\ExportManager.tsx","447","                          setSelectedStudents([...selectedStudents, student.child_id]);"
"E:\Projects\mQuiz\src\components\results\ExportManager.tsx","449","                          setSelectedStudents(selectedStudents.filter(id => id !== student.child_id));"
"E:\Projects\mQuiz\src\components\results\ExportManager.tsx","453","                    <label htmlFor={student.child_id} className=""text-sm"">"
"E:\Projects\mQuiz\src\components\results\GradeDistribution.tsx","62","    if (profile?.role === 'parent') {"
"E:\Projects\mQuiz\src\components\results\GradeDistribution.tsx","83","      // Get children of the current parent"
"E:\Projects\mQuiz\src\components\results\GradeDistribution.tsx","84","      const childrenRelations = await dbService.getProvider().query("
"E:\Projects\mQuiz\src\components\results\GradeDistribution.tsx","85","        'SELECT child_id FROM parent_child_relationships WHERE parent_id = ?',"
"E:\Projects\mQuiz\src\components\results\GradeDistribution.tsx","89","      const children = [];"
"E:\Projects\mQuiz\src\components\results\GradeDistribution.tsx","90","      for (const rel of childrenRelations) {"
"E:\Projects\mQuiz\src\components\results\GradeDistribution.tsx","93","          [rel.child_id]"
"E:\Projects\mQuiz\src\components\results\GradeDistribution.tsx","96","          children.push({"
"E:\Projects\mQuiz\src\components\results\GradeDistribution.tsx","97","            child_id: rel.child_id,"
"E:\Projects\mQuiz\src\components\results\GradeDistribution.tsx","103","      const childIds = children?.map(c => c.child_id) || [];"
"E:\Projects\mQuiz\src\components\results\GradeDistribution.tsx","105","      if (childIds.length === 0) {"
"E:\Projects\mQuiz\src\components\results\GradeDistribution.tsx","113","      // Get test attempts for all children"
"E:\Projects\mQuiz\src\components\results\GradeDistribution.tsx","138","      children?.forEach(child => {"
"E:\Projects\mQuiz\src\components\results\GradeDistribution.tsx","139","        if (child.profiles && child.profiles !== null && typeof child.profiles === 'object' && !Array.isArray(child.profiles) && 'full_name' in child.profiles) {"
"E:\Projects\mQuiz\src\components\results\GradeDistribution.tsx","140","          const profile = child.profiles as any;"
"E:\Projects\mQuiz\src\components\results\GradeDistribution.tsx","141","          studentMap.set(child.child_id, {"
"E:\Projects\mQuiz\src\components\results\GradeDistribution.tsx","224","            completion_rate: childIds.length > 0 ? Math.round((uniqueStudents / childIds.length) * 100) : 0"
"E:\Projects\mQuiz\src\components\results\GradeDistribution.tsx","243","  if (profile?.role !== 'parent') {"
"E:\Projects\mQuiz\src\components\results\GradeDistribution.tsx","248","            Grade distribution is only available for parents/teachers."
"E:\Projects\mQuiz\src\components\results\PerformanceAnalytics.tsx","269","                {pendingApprovalCount} test result{pendingApprovalCount > 1 ? 's' : ''} pending parent approval"
"E:\Projects\mQuiz\src\components\results\PerformanceAnalytics.tsx","272","                These results will appear in your analytics once approved by your parent."
"E:\Projects\mQuiz\src\components\results\PerformanceAnalytics.tsx","385","                        <p className=""text-sm mt-2"">Results will appear here once approved by your parent.</p>"
"E:\Projects\mQuiz\src\components\results\PerformanceAnalytics.tsx","426","                          <p className=""text-sm mt-2"">once your test results are approved by your parent.</p>"
"E:\Projects\mQuiz\src\components\results\PerformanceAnalytics.tsx","516","                        <p className=""text-sm mt-2"">once your test results are approved by your parent.</p>"
"E:\Projects\mQuiz\src\components\results\ProgressReport.tsx","109","      // If parent, restrict attempts to their linked children only"
"E:\Projects\mQuiz\src\components\results\ProgressReport.tsx","111","      if (profile?.role === 'parent') {"
"E:\Projects\mQuiz\src\components\results\ProgressReport.tsx","113","          'SELECT child_id FROM parent_child_relationships WHERE parent_id = ?',"
"E:\Projects\mQuiz\src\components\results\ProgressReport.tsx","116","        allowedUserIds = new Set((relationships || []).map((r: any) => r.child_id));"
"E:\Projects\mQuiz\src\components\results\ProgressReport.tsx","189","    if (profile?.role !== 'parent') return [];"
"E:\Projects\mQuiz\src\components\results\ProgressReport.tsx","191","    // Get children relationships"
"E:\Projects\mQuiz\src\components\results\ProgressReport.tsx","193","      'SELECT child_id FROM parent_child_relationships WHERE parent_id = ?',"
"E:\Projects\mQuiz\src\components\results\ProgressReport.tsx","199","    const childIds = relationships.map((rel: any) => rel.child_id);"
"E:\Projects\mQuiz\src\components\results\ProgressReport.tsx","201","    let children: any[] = [];"
"E:\Projects\mQuiz\src\components\results\ProgressReport.tsx","202","    if (childIds.length > 0) {"
"E:\Projects\mQuiz\src\components\results\ProgressReport.tsx","203","      const { data: childrenData, error: childError } = await dbService.getProvider().query("
"E:\Projects\mQuiz\src\components\results\ProgressReport.tsx","204","        `SELECT user_id, full_name FROM profiles WHERE user_id IN (${childIds.map(() => '?').join(',')})`,"
"E:\Projects\mQuiz\src\components\results\ProgressReport.tsx","205","        childIds"
"E:\Projects\mQuiz\src\components\results\ProgressReport.tsx","207","      if (!childError && childrenData) {"
"E:\Projects\mQuiz\src\components\results\ProgressReport.tsx","208","        children = childrenData;"
"E:\Projects\mQuiz\src\components\results\ProgressReport.tsx","212","    return children.map(child => ({"
"E:\Projects\mQuiz\src\components\results\ProgressReport.tsx","213","      child_id: child.user_id,"
"E:\Projects\mQuiz\src\components\results\ProgressReport.tsx","214","      profiles: child"
"E:\Projects\mQuiz\src\components\results\ProgressReport.tsx","221","    if (profile?.role === 'parent') {"
"E:\Projects\mQuiz\src\components\results\ProgressReport.tsx","324","        {profile?.role === 'parent' && ("
"E:\Projects\mQuiz\src\components\results\ProgressReport.tsx","331","              {studentList.map((child) => ("
"E:\Projects\mQuiz\src\components\results\ProgressReport.tsx","332","                <SelectItem key={child.child_id} value={child.child_id}>"
"E:\Projects\mQuiz\src\components\results\ProgressReport.tsx","333","                  {child.profiles?.full_name || 'Unknown'}"
"E:\Projects\mQuiz\src\components\results\ReportingDashboard.tsx","28","      navigate('/parent/reports/progress', { replace: true });"
"E:\Projects\mQuiz\src\components\results\ReportingDashboard.tsx","34","    navigate(`/parent/reports/${value}`);"
"E:\Projects\mQuiz\src\components\results\ResultApproval.tsx","76","      // Get children of the current parent"
"E:\Projects\mQuiz\src\components\results\ResultApproval.tsx","77","      const { data: children, error: childrenError } = await dbService.getProvider().query("
"E:\Projects\mQuiz\src\components\results\ResultApproval.tsx","78","        'SELECT child_id FROM parent_child_relationships WHERE parent_id = ?',"
"E:\Projects\mQuiz\src\components\results\ResultApproval.tsx","82","      if (childrenError) throw childrenError;"
"E:\Projects\mQuiz\src\components\results\ResultApproval.tsx","84","      const childIds = children?.map(c => c.child_id) || [];"
"E:\Projects\mQuiz\src\components\results\ResultApproval.tsx","86","      if (childIds.length === 0) {"
"E:\Projects\mQuiz\src\components\results\ResultApproval.tsx","92","      // Get all tests created by this parent"
"E:\Projects\mQuiz\src\components\results\ResultApproval.tsx","93","      const { data: parentTests, error: testsError } = await dbService.getProvider().query("
"E:\Projects\mQuiz\src\components\results\ResultApproval.tsx","100","      const testIds = parentTests?.map(t => t.id) || [];"
"E:\Projects\mQuiz\src\components\results\ResultApproval.tsx","102","      // Get test attempts for all children"
"E:\Projects\mQuiz\src\components\results\ResultApproval.tsx","328","  if (profile?.role !== 'parent') {"
"E:\Projects\mQuiz\src\components\results\ResultApproval.tsx","335","            Result approval is only available for parents/teachers."
"E:\Projects\mQuiz\src\components\ui\accordion.tsx","24",">(({ className, children, ...props }, ref) => ("
"E:\Projects\mQuiz\src\components\ui\accordion.tsx","34","      {children}"
"E:\Projects\mQuiz\src\components\ui\accordion.tsx","44",">(({ className, children, ...props }, ref) => ("
"E:\Projects\mQuiz\src\components\ui\accordion.tsx","50","    <div className={cn(""pb-4 pt-0"", className)}>{children}</div>"
"E:\Projects\mQuiz\src\components\ui\alert-dialog.tsx","92","    asChild"
"E:\Projects\mQuiz\src\components\ui\badge.tsx","12","          ""border-transparent bg-primary text-primary-foreground hover:bg-primary/80"","
"E:\Projects\mQuiz\src\components\ui\badge.tsx","14","          ""border-transparent bg-success text-success-foreground hover:bg-success/80"","
"E:\Projects\mQuiz\src\components\ui\badge.tsx","16","          ""border-transparent bg-secondary text-secondary-foreground hover:bg-secondary/80"","
"E:\Projects\mQuiz\src\components\ui\badge.tsx","18","          ""border-transparent bg-destructive text-destructive-foreground hover:bg-destructive/80"","
"E:\Projects\mQuiz\src\components\ui\breadcrumb.tsx","45","    asChild?: boolean"
"E:\Projects\mQuiz\src\components\ui\breadcrumb.tsx","47",">(({ asChild, className, ...props }, ref) => {"
"E:\Projects\mQuiz\src\components\ui\breadcrumb.tsx","48","  const Comp = asChild ? Slot : ""a"""
"E:\Projects\mQuiz\src\components\ui\breadcrumb.tsx","76","  children,"
"E:\Projects\mQuiz\src\components\ui\breadcrumb.tsx","86","    {children ?? <ChevronRight />}"
"E:\Projects\mQuiz\src\components\ui\button.tsx","40","  asChild?: boolean"
"E:\Projects\mQuiz\src\components\ui\button.tsx","44","  ({ className, variant, size, asChild = false, ...props }, ref) => {"
"E:\Projects\mQuiz\src\components\ui\button.tsx","45","    const Comp = asChild ? Slot : ""button"""
"E:\Projects\mQuiz\src\components\ui\calendar.tsx","28","          ""h-7 w-7 bg-transparent p-0 opacity-50 hover:opacity-100"""
"E:\Projects\mQuiz\src\components\ui\carousel.tsx","54","      children,"
"E:\Projects\mQuiz\src\components\ui\carousel.tsx","143","          {children}"
"E:\Projects\mQuiz\src\components\ui\chart.tsx","39","    children: React.ComponentProps<"
"E:\Projects\mQuiz\src\components\ui\chart.tsx","41","    >[""children""]"
"E:\Projects\mQuiz\src\components\ui\chart.tsx","43",">(({ id, className, children, config, ...props }, ref) => {"
"E:\Projects\mQuiz\src\components\ui\chart.tsx","53","          ""w-full flex aspect-video justify-center text-xs [&_.recharts-cartesian-axis-tick_text]:fill-muted-foreground [&_.recharts-cartesian-grid_line[stroke='#ccc']]:stroke-border/50 [&_.recharts-curve.recharts-tooltip-cursor]:stroke-border [&_.recharts-dot[stroke='#fff']]:stroke-transparent [&_.recharts-layer]:outline-none [&_.recharts-polar-grid_[stroke='#ccc']]:stroke-border [&_.recharts-radial-bar-background-sector]:fill-muted [&_.recharts-rectangle.recharts-tooltip-cursor]:fill-muted [&_.recharts-reference-line_[stroke='#ccc']]:stroke-border [&_.recharts-sector[stroke='#fff']]:stroke-transparent [&_.recharts-sector]:outline-none [&_.recharts-surface]:outline-none"","
"E:\Projects\mQuiz\src\components\ui\chart.tsx","60","          {children}"
"E:\Projects\mQuiz\src\components\ui\chart.tsx","213","                              ""w-0 border-[1.5px] border-dashed bg-transparent"":"
"E:\Projects\mQuiz\src\components\ui\command.tsx","26","const CommandDialog = ({ children, ...props }: CommandDialogProps) => {"
"E:\Projects\mQuiz\src\components\ui\command.tsx","31","          {children}"
"E:\Projects\mQuiz\src\components\ui\command.tsx","47","        ""flex h-11 w-full rounded-md bg-transparent py-3 text-sm outline-none placeholder:text-muted-foreground disabled:cursor-not-allowed disabled:opacity-50"","
"E:\Projects\mQuiz\src\components\ui\context-menu.tsx","24",">(({ className, inset, children, ...props }, ref) => ("
"E:\Projects\mQuiz\src\components\ui\context-menu.tsx","34","    {children}"
"E:\Projects\mQuiz\src\components\ui\context-menu.tsx","93",">(({ className, children, checked, ...props }, ref) => ("
"E:\Projects\mQuiz\src\components\ui\context-menu.tsx","108","    {children}"
"E:\Projects\mQuiz\src\components\ui\context-menu.tsx","117",">(({ className, children, ...props }, ref) => ("
"E:\Projects\mQuiz\src\components\ui\context-menu.tsx","131","    {children}"
"E:\Projects\mQuiz\src\components\ui\custom-subject-input.tsx","46","      // Check user permissions (admin or parent only can create subjects)"
"E:\Projects\mQuiz\src\components\ui\custom-subject-input.tsx","53","      if (!profile || !['admin', 'parent'].includes(profile.role) || !profile.is_approved) {"
"E:\Projects\mQuiz\src\components\ui\custom-subject-input.tsx","56","          description: 'Only approved parents can create subjects.',"
"E:\Projects\mQuiz\src\components\ui\custom-subject-input.tsx","62","      // Check if subject already exists for this parent"
"E:\Projects\mQuiz\src\components\ui\custom-subject-input.tsx","64","        'SELECT * FROM subjects WHERE parent_id = ? AND subject_name = ?',"
"E:\Projects\mQuiz\src\components\ui\custom-subject-input.tsx","78","        'INSERT INTO subjects (parent_id, subject_name) VALUES (?, ?)',"
"E:\Projects\mQuiz\src\components\ui\custom-subject-input.tsx","83","        'SELECT * FROM subjects WHERE parent_id = ? AND subject_name = ? LIMIT 1',"
"E:\Projects\mQuiz\src\components\ui\custom-subject-input.tsx","127","          <DialogTrigger asChild>"
"E:\Projects\mQuiz\src\components\ui\dialog.tsx","33",">(({ className, children, hideClose, ...props }, ref) => ("
"E:\Projects\mQuiz\src\components\ui\dialog.tsx","47","      {children}"
"E:\Projects\mQuiz\src\components\ui\drawer.tsx","38",">(({ className, children, ...props }, ref) => ("
"E:\Projects\mQuiz\src\components\ui\drawer.tsx","50","      {children}"
"E:\Projects\mQuiz\src\components\ui\dropdown-menu.tsx","24",">(({ className, inset, children, ...props }, ref) => ("
"E:\Projects\mQuiz\src\components\ui\dropdown-menu.tsx","34","    {children}"
"E:\Projects\mQuiz\src\components\ui\dropdown-menu.tsx","96",">(({ className, children, checked, ...props }, ref) => ("
"E:\Projects\mQuiz\src\components\ui\dropdown-menu.tsx","111","    {children}"
"E:\Projects\mQuiz\src\components\ui\dropdown-menu.tsx","120",">(({ className, children, ...props }, ref) => ("
"E:\Projects\mQuiz\src\components\ui\dropdown-menu.tsx","134","    {children}"
"E:\Projects\mQuiz\src\components\ui\error-boundary.tsx","8","  children: ReactNode;"
"E:\Projects\mQuiz\src\components\ui\error-boundary.tsx","82","    return this.props.children;"
"E:\Projects\mQuiz\src\components\ui\form.tsx","146",">(({ className, children, ...props }, ref) => {"
"E:\Projects\mQuiz\src\components\ui\form.tsx","148","  const body = error ? String(error?.message) : children"
"E:\Projects\mQuiz\src\components\ui\input.tsx","11","          ""flex h-10 w-full rounded-md border border-input bg-background px-3 py-2 text-base ring-offset-background file:border-0 file:bg-transparent file:text-sm file:font-medium file:text-foreground placeholder:text-muted-foreground focus-visible:outline-none focus-visible:ring-2 focus-visible:ring-ring focus-visible:ring-offset-2 disabled:cursor-not-allowed disabled:opacity-50 md:text-sm"","
"E:\Projects\mQuiz\src\components\ui\menubar.tsx","52",">(({ className, inset, children, ...props }, ref) => ("
"E:\Projects\mQuiz\src\components\ui\menubar.tsx","62","    {children}"
"E:\Projects\mQuiz\src\components\ui\menubar.tsx","129",">(({ className, children, checked, ...props }, ref) => ("
"E:\Projects\mQuiz\src\components\ui\menubar.tsx","144","    {children}"
"E:\Projects\mQuiz\src\components\ui\menubar.tsx","152",">(({ className, children, ...props }, ref) => ("
"E:\Projects\mQuiz\src\components\ui\menubar.tsx","166","    {children}"
"E:\Projects\mQuiz\src\components\ui\mobile-drawer.tsx","8","  children: React.ReactNode;"
"E:\Projects\mQuiz\src\components\ui\mobile-drawer.tsx","13","export const MobileDrawer = ({ children, title = ""Menu"", trigger }: MobileDrawerProps) => {"
"E:\Projects\mQuiz\src\components\ui\mobile-drawer.tsx","17","    return <>{children}</>;"
"E:\Projects\mQuiz\src\components\ui\mobile-drawer.tsx","22","      <SheetTrigger asChild>"
"E:\Projects\mQuiz\src\components\ui\mobile-drawer.tsx","34","          {children}"
"E:\Projects\mQuiz\src\components\ui\navigation-menu.tsx","11",">(({ className, children, ...props }, ref) => ("
"E:\Projects\mQuiz\src\components\ui\navigation-menu.tsx","20","    {children}"
"E:\Projects\mQuiz\src\components\ui\navigation-menu.tsx","50",">(({ className, children, ...props }, ref) => ("
"E:\Projects\mQuiz\src\components\ui\navigation-menu.tsx","56","    {children}{"" ""}"
"E:\Projects\mQuiz\src\components\ui\navigation.tsx","31","  currentRole: 'admin' | 'parent' | 'student' | null;"
"E:\Projects\mQuiz\src\components\ui\navigation.tsx","32","  onRoleChange?: (role: 'admin' | 'parent' | 'student' | null) => void;"
"E:\Projects\mQuiz\src\components\ui\navigation.tsx","60","    parent: {"
"E:\Projects\mQuiz\src\components\ui\navigation.tsx","62","      label: 'Parent',"
"E:\Projects\mQuiz\src\components\ui\navigation.tsx","105","              <DropdownMenuTrigger asChild>"
"E:\Projects\mQuiz\src\components\ui\navigation.tsx","139","              <DropdownMenuTrigger asChild>"
"E:\Projects\mQuiz\src\components\ui\page-multi-select.tsx","85","      <PopoverTrigger asChild>"
"E:\Projects\mQuiz\src\components\ui\paginated-page-multi-select.tsx","109","      <PopoverTrigger asChild>"
"E:\Projects\mQuiz\src\components\ui\responsive-card.tsx","7","  children: React.ReactNode;"
"E:\Projects\mQuiz\src\components\ui\responsive-card.tsx","16","  children, "
"E:\Projects\mQuiz\src\components\ui\responsive-card.tsx","58","            {children}"
"E:\Projects\mQuiz\src\components\ui\responsive-card.tsx","61","          children"
"E:\Projects\mQuiz\src\components\ui\responsive-card.tsx","69","  children: React.ReactNode;"
"E:\Projects\mQuiz\src\components\ui\responsive-card.tsx","73","export const ResponsiveTable = ({ children, className }: ResponsiveTableProps) => {"
"E:\Projects\mQuiz\src\components\ui\responsive-card.tsx","78","        {children}"
"E:\Projects\mQuiz\src\components\ui\responsive-card.tsx","84","          {children}"
"E:\Projects\mQuiz\src\components\ui\responsive-card.tsx","92","  children: React.ReactNode;"
"E:\Projects\mQuiz\src\components\ui\responsive-card.tsx","96","export const MobileStackedItem = ({ children, className }: MobileStackedItemProps) => {"
"E:\Projects\mQuiz\src\components\ui\responsive-card.tsx","102","      {children}"
"E:\Projects\mQuiz\src\components\ui\responsive-layout.tsx","6","  children: React.ReactNode;"
"E:\Projects\mQuiz\src\components\ui\responsive-layout.tsx","13","  children, "
"E:\Projects\mQuiz\src\components\ui\responsive-layout.tsx","38","      {children}"
"E:\Projects\mQuiz\src\components\ui\responsive-layout.tsx","44","  children: React.ReactNode;"
"E:\Projects\mQuiz\src\components\ui\responsive-layout.tsx","57","  children, "
"E:\Projects\mQuiz\src\components\ui\responsive-layout.tsx","86","      {children}"
"E:\Projects\mQuiz\src\components\ui\responsive-layout.tsx","92","  children: React.ReactNode;"
"E:\Projects\mQuiz\src\components\ui\responsive-layout.tsx","100","  children, "
"E:\Projects\mQuiz\src\components\ui\responsive-layout.tsx","132","      {children}"
"E:\Projects\mQuiz\src\components\ui\scroll-area.tsx","9",">(({ className, children, ...props }, ref) => ("
"E:\Projects\mQuiz\src\components\ui\scroll-area.tsx","16","      {children}"
"E:\Projects\mQuiz\src\components\ui\scroll-area.tsx","34","        ""h-full w-2.5 border-l border-l-transparent p-[1px]"","
"E:\Projects\mQuiz\src\components\ui\scroll-area.tsx","36","        ""h-2.5 flex-col border-t border-t-transparent p-[1px]"","
"E:\Projects\mQuiz\src\components\ui\select.tsx","16",">(({ className, children, ...props }, ref) => ("
"E:\Projects\mQuiz\src\components\ui\select.tsx","25","    {children}"
"E:\Projects\mQuiz\src\components\ui\select.tsx","26","    <SelectPrimitive.Icon asChild>"
"E:\Projects\mQuiz\src\components\ui\select.tsx","71",">(({ className, children, position = ""popper"", ...props }, ref) => ("
"E:\Projects\mQuiz\src\components\ui\select.tsx","92","        {children}"
"E:\Projects\mQuiz\src\components\ui\select.tsx","115",">(({ className, children, ...props }, ref) => ("
"E:\Projects\mQuiz\src\components\ui\select.tsx","130","    <SelectPrimitive.ItemText>{children}</SelectPrimitive.ItemText>"
"E:\Projects\mQuiz\src\components\ui\sheet.tsx","59",">(({ side = ""right"", className, children, showClose = true, ...props }, ref) => ("
"E:\Projects\mQuiz\src\components\ui\sheet.tsx","70","      {children}"
"E:\Projects\mQuiz\src\components\ui\sidebar.tsx","63","      children,"
"E:\Projects\mQuiz\src\components\ui\sidebar.tsx","148","            {children}"
"E:\Projects\mQuiz\src\components\ui\sidebar.tsx","171","      children,"
"E:\Projects\mQuiz\src\components\ui\sidebar.tsx","188","          {children}"
"E:\Projects\mQuiz\src\components\ui\sidebar.tsx","208","            <div className=""flex h-full w-full flex-col"">{children}</div>"
"E:\Projects\mQuiz\src\components\ui\sidebar.tsx","226","            ""duration-200 relative w-[--sidebar-width] bg-transparent transition-[width] ease-linear"","
"E:\Projects\mQuiz\src\components\ui\sidebar.tsx","252","            {children}"
"E:\Projects\mQuiz\src\components\ui\sidebar.tsx","432","  React.ComponentProps<""div""> & { asChild?: boolean }"
"E:\Projects\mQuiz\src\components\ui\sidebar.tsx","433",">(({ className, asChild = false, ...props }, ref) => {"
"E:\Projects\mQuiz\src\components\ui\sidebar.tsx","434","  const Comp = asChild ? Slot : ""div"""
"E:\Projects\mQuiz\src\components\ui\sidebar.tsx","453","  React.ComponentProps<""button""> & { asChild?: boolean }"
"E:\Projects\mQuiz\src\components\ui\sidebar.tsx","454",">(({ className, asChild = false, ...props }, ref) => {"
"E:\Projects\mQuiz\src\components\ui\sidebar.tsx","455","  const Comp = asChild ? Slot : ""button"""
"E:\Projects\mQuiz\src\components\ui\sidebar.tsx","514","  ""peer/menu-button flex w-full items-center gap-2 overflow-hidden rounded-md p-2 text-left text-base md:text-sm outline-none ring-sidebar-ring transition-[width,height,padding] hover:bg-sidebar-accent hover:text-sidebar-accent-foreground focus-visible:ring-2 active:bg-sidebar-accent active:text-sidebar-accent-foreground disabled:pointer-events-none disabled:opacity-50 group-has-[[data-sidebar=menu-action]]/menu-item:pr-8 aria-disabled:pointer-events-none aria-disabled:opacity-50 data-[active=true]:bg-sidebar-accent data-[active=true]:font-medium data-[active=true]:text-sidebar-accent-foreground data-[state=open]:hover:bg-sidebar-accent data-[state=open]:hover:text-sidebar-accent-foreground group-data-[collapsible=icon]:!size-8 group-data-[collapsible=icon]:!p-2 [&>span:last-child]:truncate [&>svg]:size-4 [&>svg]:shrink-0"","
"E:\Projects\mQuiz\src\components\ui\sidebar.tsx","538","    asChild?: boolean"
"E:\Projects\mQuiz\src\components\ui\sidebar.tsx","545","      asChild = false,"
"E:\Projects\mQuiz\src\components\ui\sidebar.tsx","555","    const Comp = asChild ? Slot : ""button"""
"E:\Projects\mQuiz\src\components\ui\sidebar.tsx","575","        children: tooltip,"
"E:\Projects\mQuiz\src\components\ui\sidebar.tsx","581","        <TooltipTrigger asChild>{button}</TooltipTrigger>"
"E:\Projects\mQuiz\src\components\ui\sidebar.tsx","597","    asChild?: boolean"
"E:\Projects\mQuiz\src\components\ui\sidebar.tsx","600",">(({ className, asChild = false, showOnHover = false, ...props }, ref) => {"
"E:\Projects\mQuiz\src\components\ui\sidebar.tsx","601","  const Comp = asChild ? Slot : ""button"""
"E:\Projects\mQuiz\src\components\ui\sidebar.tsx","710","    asChild?: boolean"
"E:\Projects\mQuiz\src\components\ui\sidebar.tsx","714",">(({ asChild = false, size = ""md"", isActive, className, ...props }, ref) => {"
"E:\Projects\mQuiz\src\components\ui\sidebar.tsx","715","  const Comp = asChild ? Slot : ""a"""
"E:\Projects\mQuiz\src\components\ui\sidebar.tsx","724","        ""flex h-7 min-w-0 -translate-x-px items-center gap-2 overflow-hidden rounded-md px-2 text-sidebar-foreground outline-none ring-sidebar-ring hover:bg-sidebar-accent hover:text-sidebar-accent-foreground focus-visible:ring-2 active:bg-sidebar-accent active:text-sidebar-accent-foreground disabled:pointer-events-none disabled:opacity-50 aria-disabled:pointer-events-none aria-disabled:opacity-50 [&>span:last-child]:truncate [&>svg]:size-4 [&>svg]:shrink-0 [&>svg]:text-sidebar-accent-foreground"","
"E:\Projects\mQuiz\src\components\ui\switch.tsx","12","      ""peer inline-flex h-6 w-11 shrink-0 cursor-pointer items-center rounded-full border-2 border-transparent transition-colors focus-visible:outline-none focus-visible:ring-2 focus-visible:ring-ring focus-visible:ring-offset-2 focus-visible:ring-offset-background disabled:cursor-not-allowed disabled:opacity-50 data-[state=checked]:bg-primary data-[state=unchecked]:bg-input"","
"E:\Projects\mQuiz\src\components\ui\table.tsx","33","    className={cn(""[&_tr:last-child]:border-0"", className)}"
"E:\Projects\mQuiz\src\components\ui\toast.tsx","63","      ""inline-flex h-8 shrink-0 items-center justify-center rounded-md border bg-transparent px-3 text-sm font-medium ring-offset-background transition-colors hover:bg-secondary focus:outline-none focus:ring-2 focus:ring-ring focus:ring-offset-2 disabled:pointer-events-none disabled:opacity-50 group-[.destructive]:border-muted/40 group-[.destructive]:hover:border-destructive/30 group-[.destructive]:hover:bg-destructive group-[.destructive]:hover:text-destructive-foreground group-[.destructive]:focus:ring-destructive"","
"E:\Projects\mQuiz\src\components\ui\toggle-group.tsx","19",">(({ className, variant, size, children, ...props }, ref) => ("
"E:\Projects\mQuiz\src\components\ui\toggle-group.tsx","26","      {children}"
"E:\Projects\mQuiz\src\components\ui\toggle-group.tsx","37",">(({ className, children, variant, size, ...props }, ref) => {"
"E:\Projects\mQuiz\src\components\ui\toggle-group.tsx","52","      {children}"
"E:\Projects\mQuiz\src\components\ui\toggle.tsx","12","        default: ""bg-transparent"","
"E:\Projects\mQuiz\src\components\ui\toggle.tsx","14","          ""border border-input bg-transparent hover:bg-accent hover:text-accent-foreground"","
"E:\Projects\mQuiz\src\hooks\useChildAcademicProfile.ts","4","interface ChildAcademicData {"
"E:\Projects\mQuiz\src\hooks\useChildAcademicProfile.ts","5","  child_id: string;"
"E:\Projects\mQuiz\src\hooks\useChildAcademicProfile.ts","11","export const useChildAcademicProfile = (childId?: string) => {"
"E:\Projects\mQuiz\src\hooks\useChildAcademicProfile.ts","12","  const [academicData, setAcademicData] = useState<ChildAcademicData | null>(null);"
"E:\Projects\mQuiz\src\hooks\useChildAcademicProfile.ts","17","    if (childId) {"
"E:\Projects\mQuiz\src\hooks\useChildAcademicProfile.ts","20","  }, [childId]);"
"E:\Projects\mQuiz\src\hooks\useChildAcademicProfile.ts","23","    if (!childId) return;"
"E:\Projects\mQuiz\src\hooks\useChildAcademicProfile.ts","29","      // Fetch class assignment by child_id"
"E:\Projects\mQuiz\src\hooks\useChildAcademicProfile.ts","31","        'SELECT * FROM child_class_assignments WHERE child_id = ?',"
"E:\Projects\mQuiz\src\hooks\useChildAcademicProfile.ts","32","        [childId]"
"E:\Projects\mQuiz\src\hooks\useChildAcademicProfile.ts","44","      // Fetch subject assignments by child_id"
"E:\Projects\mQuiz\src\hooks\useChildAcademicProfile.ts","46","        'SELECT * FROM child_subject_assignments WHERE child_id = ?',"
"E:\Projects\mQuiz\src\hooks\useChildAcademicProfile.ts","47","        [childId]"
"E:\Projects\mQuiz\src\hooks\useChildAcademicProfile.ts","63","        child_id: childId,"
"E:\Projects\mQuiz\src\hooks\useChildAcademicProfile.ts","90","    if (childId) {"
"E:\Projects\mQuiz\src\hooks\useChildClasses.ts","7","  child_id: string;"
"E:\Projects\mQuiz\src\hooks\useChildClasses.ts","15","export const useChildClasses = () => {"
"E:\Projects\mQuiz\src\hooks\useChildClasses.ts","16","  const [childClasses, setChildClasses] = useState<ClassAssignment[]>([]);"
"E:\Projects\mQuiz\src\hooks\useChildClasses.ts","21","    fetchChildClasses();"
"E:\Projects\mQuiz\src\hooks\useChildClasses.ts","24","  const fetchChildClasses = async () => {"
"E:\Projects\mQuiz\src\hooks\useChildClasses.ts","31","        setChildClasses([]);"
"E:\Projects\mQuiz\src\hooks\useChildClasses.ts","35","      let parentId = user.id;"
"E:\Projects\mQuiz\src\hooks\useChildClasses.ts","37","      // If the current user is a child, find their parent_id from parent_child_relationships"
"E:\Projects\mQuiz\src\hooks\useChildClasses.ts","39","        'SELECT parent_id FROM parent_child_relationships WHERE child_id = ?',"
"E:\Projects\mQuiz\src\hooks\useChildClasses.ts","43","      if (rel?.parent_id) {"
"E:\Projects\mQuiz\src\hooks\useChildClasses.ts","44","        parentId = rel.parent_id;"
"E:\Projects\mQuiz\src\hooks\useChildClasses.ts","47","      // Get current class assignments strictly for this parent"
"E:\Projects\mQuiz\src\hooks\useChildClasses.ts","49","        'SELECT * FROM child_class_assignments WHERE parent_id = ? AND is_current = 1',"
"E:\Projects\mQuiz\src\hooks\useChildClasses.ts","50","        [parentId]"
"E:\Projects\mQuiz\src\hooks\useChildClasses.ts","62","          child_id: assignment.child_id,"
"E:\Projects\mQuiz\src\hooks\useChildClasses.ts","71","      setChildClasses(enriched);"
"E:\Projects\mQuiz\src\hooks\useChildClasses.ts","73","      console.error('Error fetching child classes:', err);"
"E:\Projects\mQuiz\src\hooks\useChildClasses.ts","81","    const uniqueClassIds = [...new Set(childClasses.map(cc => cc.class_id))];"
"E:\Projects\mQuiz\src\hooks\useChildClasses.ts","83","      const assignment = childClasses.find(cc => cc.class_id === classId);"
"E:\Projects\mQuiz\src\hooks\useChildClasses.ts","92","  const getClassesForChild = (childId: string) => {"
"E:\Projects\mQuiz\src\hooks\useChildClasses.ts","93","    return childClasses"
"E:\Projects\mQuiz\src\hooks\useChildClasses.ts","94","      .filter(cc => cc.child_id === childId)"
"E:\Projects\mQuiz\src\hooks\useChildClasses.ts","103","    fetchChildClasses();"
"E:\Projects\mQuiz\src\hooks\useChildClasses.ts","107","    childClasses,"
"E:\Projects\mQuiz\src\hooks\useChildClasses.ts","109","    getClassesForChild,"
"E:\Projects\mQuiz\src\hooks\useChildSubjects.ts","7","  child_id: string;"
"E:\Projects\mQuiz\src\hooks\useChildSubjects.ts","14","export const useChildSubjects = () => {"
"E:\Projects\mQuiz\src\hooks\useChildSubjects.ts","15","  const [childSubjects, setChildSubjects] = useState<SubjectAssignment[]>([]);"
"E:\Projects\mQuiz\src\hooks\useChildSubjects.ts","20","    fetchChildSubjects();"
"E:\Projects\mQuiz\src\hooks\useChildSubjects.ts","23","  const fetchChildSubjects = async () => {"
"E:\Projects\mQuiz\src\hooks\useChildSubjects.ts","30","        setChildSubjects([]);"
"E:\Projects\mQuiz\src\hooks\useChildSubjects.ts","34","      let parentId = user.id;"
"E:\Projects\mQuiz\src\hooks\useChildSubjects.ts","36","      // If the current user is a child, find their parent_id from parent_child_relationships"
"E:\Projects\mQuiz\src\hooks\useChildSubjects.ts","38","        'SELECT parent_id FROM parent_child_relationships WHERE child_id = ?',"
"E:\Projects\mQuiz\src\hooks\useChildSubjects.ts","42","      if (rel?.parent_id) {"
"E:\Projects\mQuiz\src\hooks\useChildSubjects.ts","43","        parentId = rel.parent_id;"
"E:\Projects\mQuiz\src\hooks\useChildSubjects.ts","46","      // Get current subject assignments strictly for this parent"
"E:\Projects\mQuiz\src\hooks\useChildSubjects.ts","48","        'SELECT * FROM child_subject_assignments WHERE parent_id = ? AND is_current = 1',"
"E:\Projects\mQuiz\src\hooks\useChildSubjects.ts","49","        [parentId]"
"E:\Projects\mQuiz\src\hooks\useChildSubjects.ts","61","          child_id: assignment.child_id,"
"E:\Projects\mQuiz\src\hooks\useChildSubjects.ts","69","      setChildSubjects(enriched);"
"E:\Projects\mQuiz\src\hooks\useChildSubjects.ts","71","      console.error('Error fetching child subjects:', err);"
"E:\Projects\mQuiz\src\hooks\useChildSubjects.ts","79","    const uniqueSubjectIds = [...new Set(childSubjects.map(cs => cs.subject_id))];"
"E:\Projects\mQuiz\src\hooks\useChildSubjects.ts","81","      const assignment = childSubjects.find(cs => cs.subject_id === subjectId);"
"E:\Projects\mQuiz\src\hooks\useChildSubjects.ts","89","  const getSubjectsForChild = (childId: string) => {"
"E:\Projects\mQuiz\src\hooks\useChildSubjects.ts","90","    return childSubjects"
"E:\Projects\mQuiz\src\hooks\useChildSubjects.ts","91","      .filter(cs => cs.child_id === childId)"
"E:\Projects\mQuiz\src\hooks\useChildSubjects.ts","99","    return [...new Set(childSubjects.map(cs => cs.subject_id))];"
"E:\Projects\mQuiz\src\hooks\useChildSubjects.ts","102","  const getSubjectIdsForChild = (childId: string) => {"
"E:\Projects\mQuiz\src\hooks\useChildSubjects.ts","103","    return childSubjects"
"E:\Projects\mQuiz\src\hooks\useChildSubjects.ts","104","      .filter(cs => cs.child_id === childId)"
"E:\Projects\mQuiz\src\hooks\useChildSubjects.ts","109","    fetchChildSubjects();"
"E:\Projects\mQuiz\src\hooks\useChildSubjects.ts","113","    childSubjects,"
"E:\Projects\mQuiz\src\hooks\useChildSubjects.ts","115","    getSubjectsForChild,"
"E:\Projects\mQuiz\src\hooks\useChildSubjects.ts","117","    getSubjectIdsForChild,"
"E:\Projects\mQuiz\src\hooks\useClassesParent.ts","5","interface ClassParent {"
"E:\Projects\mQuiz\src\hooks\useClassesParent.ts","7","  parent_id: string;"
"E:\Projects\mQuiz\src\hooks\useClassesParent.ts","14","export const useClassesParent = () => {"
"E:\Projects\mQuiz\src\hooks\useClassesParent.ts","15","  const [classes, setClasses] = useState<ClassParent[]>([]);"
"E:\Projects\mQuiz\src\hooks\useClassesParent.ts","30","      let parentId = user.id;"
"E:\Projects\mQuiz\src\hooks\useClassesParent.ts","32","      // If the current user is a child, find their parent_id from parent_child_relationships"
"E:\Projects\mQuiz\src\hooks\useClassesParent.ts","34","        'SELECT parent_id FROM parent_child_relationships WHERE child_id = ?',"
"E:\Projects\mQuiz\src\hooks\useClassesParent.ts","38","      if (rel?.parent_id) {"
"E:\Projects\mQuiz\src\hooks\useClassesParent.ts","39","        parentId = rel.parent_id;"
"E:\Projects\mQuiz\src\hooks\useClassesParent.ts","42","      // Fetch classes attached strictly to this parent"
"E:\Projects\mQuiz\src\hooks\useClassesParent.ts","44","        'SELECT * FROM classes WHERE parent_id = ? AND is_active = 1',"
"E:\Projects\mQuiz\src\hooks\useClassesParent.ts","45","        [parentId]"
"E:\Projects\mQuiz\src\hooks\useClassesParent.ts","74","        parent_id: user.id,"
"E:\Projects\mQuiz\src\hooks\useClassesParent.ts","86","  const updateClass = async (id: string, updates: Partial<ClassParent>) => {"
"E:\Projects\mQuiz\src\hooks\useRBAC.ts","25","  const isParent = () => hasRole(['parent']) && profile?.is_approved;"
"E:\Projects\mQuiz\src\hooks\useRBAC.ts","33","    isParent,"
"E:\Projects\mQuiz\src\hooks\useRBAC.ts","35","    isChild: isStudent,"
"E:\Projects\mQuiz\src\hooks\useSubjectsParent.ts","5","interface SubjectParent {"
"E:\Projects\mQuiz\src\hooks\useSubjectsParent.ts","7","  parent_id: string;"
"E:\Projects\mQuiz\src\hooks\useSubjectsParent.ts","14","export const useSubjectsParent = () => {"
"E:\Projects\mQuiz\src\hooks\useSubjectsParent.ts","15","  const [subjects, setSubjects] = useState<SubjectParent[]>([]);"
"E:\Projects\mQuiz\src\hooks\useSubjectsParent.ts","30","      let parentId = user.id;"
"E:\Projects\mQuiz\src\hooks\useSubjectsParent.ts","32","      // If the current user is a child, find their parent_id from parent_child_relationships"
"E:\Projects\mQuiz\src\hooks\useSubjectsParent.ts","34","        'SELECT parent_id FROM parent_child_relationships WHERE child_id = ?',"
"E:\Projects\mQuiz\src\hooks\useSubjectsParent.ts","38","      if (rel?.parent_id) {"
"E:\Projects\mQuiz\src\hooks\useSubjectsParent.ts","39","        parentId = rel.parent_id;"
"E:\Projects\mQuiz\src\hooks\useSubjectsParent.ts","42","      // Fetch subjects attached strictly to this parent"
"E:\Projects\mQuiz\src\hooks\useSubjectsParent.ts","44","        'SELECT * FROM subjects WHERE parent_id = ? AND is_active = 1',"
"E:\Projects\mQuiz\src\hooks\useSubjectsParent.ts","45","        [parentId]"
"E:\Projects\mQuiz\src\hooks\useSubjectsParent.ts","72","        parent_id: user.id,"
"E:\Projects\mQuiz\src\hooks\useSubjectsParent.ts","83","  const updateSubject = async (id: string, updates: Partial<SubjectParent>) => {"
"E:\Projects\mQuiz\src\hooks\useTestSecurity.ts","371","    // Parent component will handle fullscreen prompt"
"E:\Projects\mQuiz\src\pages\Dashboard.tsx","3","import { ParentDashboard } from '@/components/parent/ParentDashboard';"
"E:\Projects\mQuiz\src\pages\Dashboard.tsx","32","    case 'parent':"
"E:\Projects\mQuiz\src\pages\Dashboard.tsx","33","      return <ParentDashboard />;"
"E:\Projects\mQuiz\src\pages\Home.tsx","37","      description: ""Dedicated interfaces for Parents, Students, and Admins ensuring everyone gets the perfect experience."""
"E:\Projects\mQuiz\src\pages\Home.tsx","62","    ""Parent-student collaboration tools"""
"E:\Projects\mQuiz\src\pages\Home.tsx","82","              <span className=""text-2xl font-bold bg-clip-text text-transparent bg-gradient-to-r from-primary to-purple-600"">"
"E:\Projects\mQuiz\src\pages\Home.tsx","127","              <span className=""text-transparent bg-clip-text bg-gradient-primary"">Teaching & Testing</span>"
"E:\Projects\mQuiz\src\pages\Index.tsx","19","      const roleRoute = profile.role === 'admin' ? '/admin' : profile.role === 'parent' ? '/parent' : '/student';"
"E:\Projects\mQuiz\src\services\auth\authService.ts","86","    if (emailLower === 'praveen.matoria+parent@gmail.com') {"
"E:\Projects\mQuiz\src\services\auth\authService.ts","90","        role: 'parent',"
"E:\Projects\mQuiz\src\services\db\importedFullDatabase.json","9611","        ""role"": ""parent"","
"E:\Projects\mQuiz\src\services\db\importedFullDatabase.json","9612","        ""email"": ""praveen.matoria+parent@gmail.com"","
"E:\Projects\mQuiz\src\services\db\importedFullDatabase.json","27896","        ""role"": ""parent"","
"E:\Projects\mQuiz\src\services\db\importedFullDatabase.json","33444","      ""parent_id"": ""32383bef-bf66-4b8e-81e8-69d1bea635bd"","
"E:\Projects\mQuiz\src\services\db\importedFullDatabase.json","33454","      ""parent_id"": ""32383bef-bf66-4b8e-81e8-69d1bea635bd"","
"E:\Projects\mQuiz\src\services\db\importedFullDatabase.json","33464","      ""parent_id"": ""32383bef-bf66-4b8e-81e8-69d1bea635bd"","
"E:\Projects\mQuiz\src\services\db\importedFullDatabase.json","33474","      ""parent_id"": ""32383bef-bf66-4b8e-81e8-69d1bea635bd"","
"E:\Projects\mQuiz\src\services\db\importedFullDatabase.json","33484","      ""parent_id"": ""32383bef-bf66-4b8e-81e8-69d1bea635bd"","
"E:\Projects\mQuiz\src\services\db\importedFullDatabase.json","33494","      ""parent_id"": ""32383bef-bf66-4b8e-81e8-69d1bea635bd"","
"E:\Projects\mQuiz\src\services\db\importedFullDatabase.json","33504","      ""parent_id"": ""32383bef-bf66-4b8e-81e8-69d1bea635bd"","
"E:\Projects\mQuiz\src\services\db\importedFullDatabase.json","33514","      ""parent_id"": ""32383bef-bf66-4b8e-81e8-69d1bea635bd"","
"E:\Projects\mQuiz\src\services\db\importedFullDatabase.json","33524","      ""parent_id"": ""32383bef-bf66-4b8e-81e8-69d1bea635bd"","
"E:\Projects\mQuiz\src\services\db\importedFullDatabase.json","33534","      ""parent_id"": ""32383bef-bf66-4b8e-81e8-69d1bea635bd"","
"E:\Projects\mQuiz\src\services\db\importedFullDatabase.json","33544","      ""parent_id"": ""32383bef-bf66-4b8e-81e8-69d1bea635bd"","
"E:\Projects\mQuiz\src\services\db\importedFullDatabase.json","33554","      ""parent_id"": ""32383bef-bf66-4b8e-81e8-69d1bea635bd"","
"E:\Projects\mQuiz\src\services\db\importedFullDatabase.json","33564","      ""parent_id"": ""9a483b1b-77b7-4aa0-a2e3-1b6a56a6bc50"","
"E:\Projects\mQuiz\src\services\db\importedFullDatabase.json","33574","      ""parent_id"": ""9a483b1b-77b7-4aa0-a2e3-1b6a56a6bc50"","
"E:\Projects\mQuiz\src\services\db\importedFullDatabase.json","33584","      ""parent_id"": ""9a483b1b-77b7-4aa0-a2e3-1b6a56a6bc50"","
"E:\Projects\mQuiz\src\services\db\importedFullDatabase.json","33594","      ""parent_id"": ""9a483b1b-77b7-4aa0-a2e3-1b6a56a6bc50"","
"E:\Projects\mQuiz\src\services\db\importedFullDatabase.json","33604","      ""parent_id"": ""9a483b1b-77b7-4aa0-a2e3-1b6a56a6bc50"","
"E:\Projects\mQuiz\src\services\db\importedFullDatabase.json","33614","      ""parent_id"": ""9a483b1b-77b7-4aa0-a2e3-1b6a56a6bc50"","
"E:\Projects\mQuiz\src\services\db\importedFullDatabase.json","33624","      ""parent_id"": ""9a483b1b-77b7-4aa0-a2e3-1b6a56a6bc50"","
"E:\Projects\mQuiz\src\services\db\importedFullDatabase.json","33634","      ""parent_id"": ""9a483b1b-77b7-4aa0-a2e3-1b6a56a6bc50"","
"E:\Projects\mQuiz\src\services\db\importedFullDatabase.json","33644","      ""parent_id"": ""9a483b1b-77b7-4aa0-a2e3-1b6a56a6bc50"","
"E:\Projects\mQuiz\src\services\db\importedFullDatabase.json","33654","      ""parent_id"": ""9a483b1b-77b7-4aa0-a2e3-1b6a56a6bc50"","
"E:\Projects\mQuiz\src\services\db\importedFullDatabase.json","33664","      ""parent_id"": ""9a483b1b-77b7-4aa0-a2e3-1b6a56a6bc50"","
"E:\Projects\mQuiz\src\services\db\importedFullDatabase.json","33674","      ""parent_id"": ""9a483b1b-77b7-4aa0-a2e3-1b6a56a6bc50"","
"E:\Projects\mQuiz\src\services\db\importedFullDatabase.json","33686","      ""parent_id"": ""32383bef-bf66-4b8e-81e8-69d1bea635bd"","
"E:\Projects\mQuiz\src\services\db\importedFullDatabase.json","33696","      ""parent_id"": ""32383bef-bf66-4b8e-81e8-69d1bea635bd"","
"E:\Projects\mQuiz\src\services\db\importedFullDatabase.json","33706","      ""parent_id"": ""32383bef-bf66-4b8e-81e8-69d1bea635bd"","
"E:\Projects\mQuiz\src\services\db\importedFullDatabase.json","33716","      ""parent_id"": ""32383bef-bf66-4b8e-81e8-69d1bea635bd"","
"E:\Projects\mQuiz\src\services\db\importedFullDatabase.json","33726","      ""parent_id"": ""32383bef-bf66-4b8e-81e8-69d1bea635bd"","
"E:\Projects\mQuiz\src\services\db\importedFullDatabase.json","33736","      ""parent_id"": ""32383bef-bf66-4b8e-81e8-69d1bea635bd"","
"E:\Projects\mQuiz\src\services\db\importedFullDatabase.json","33746","      ""parent_id"": ""32383bef-bf66-4b8e-81e8-69d1bea635bd"","
"E:\Projects\mQuiz\src\services\db\importedFullDatabase.json","33756","      ""parent_id"": ""32383bef-bf66-4b8e-81e8-69d1bea635bd"","
"E:\Projects\mQuiz\src\services\db\importedFullDatabase.json","33766","      ""parent_id"": ""32383bef-bf66-4b8e-81e8-69d1bea635bd"","
"E:\Projects\mQuiz\src\services\db\importedFullDatabase.json","33776","      ""parent_id"": ""32383bef-bf66-4b8e-81e8-69d1bea635bd"","
"E:\Projects\mQuiz\src\services\db\importedFullDatabase.json","33786","      ""parent_id"": ""32383bef-bf66-4b8e-81e8-69d1bea635bd"","
"E:\Projects\mQuiz\src\services\db\importedFullDatabase.json","33796","      ""parent_id"": ""32383bef-bf66-4b8e-81e8-69d1bea635bd"","
"E:\Projects\mQuiz\src\services\db\importedFullDatabase.json","33806","      ""parent_id"": ""32383bef-bf66-4b8e-81e8-69d1bea635bd"","
"E:\Projects\mQuiz\src\services\db\importedFullDatabase.json","33816","      ""parent_id"": ""9a483b1b-77b7-4aa0-a2e3-1b6a56a6bc50"","
"E:\Projects\mQuiz\src\services\db\importedFullDatabase.json","33826","      ""parent_id"": ""9a483b1b-77b7-4aa0-a2e3-1b6a56a6bc50"","
"E:\Projects\mQuiz\src\services\db\importedFullDatabase.json","33836","      ""parent_id"": ""9a483b1b-77b7-4aa0-a2e3-1b6a56a6bc50"","
"E:\Projects\mQuiz\src\services\db\importedFullDatabase.json","33846","      ""parent_id"": ""9a483b1b-77b7-4aa0-a2e3-1b6a56a6bc50"","
"E:\Projects\mQuiz\src\services\db\importedFullDatabase.json","33856","      ""parent_id"": ""9a483b1b-77b7-4aa0-a2e3-1b6a56a6bc50"","
"E:\Projects\mQuiz\src\services\db\importedFullDatabase.json","33866","      ""parent_id"": ""9a483b1b-77b7-4aa0-a2e3-1b6a56a6bc50"","
"E:\Projects\mQuiz\src\services\db\importedFullDatabase.json","33876","      ""parent_id"": ""9a483b1b-77b7-4aa0-a2e3-1b6a56a6bc50"","
"E:\Projects\mQuiz\src\services\db\importedFullDatabase.json","33886","      ""parent_id"": ""9a483b1b-77b7-4aa0-a2e3-1b6a56a6bc50"","
"E:\Projects\mQuiz\src\services\db\importedFullDatabase.json","33896","      ""parent_id"": ""9a483b1b-77b7-4aa0-a2e3-1b6a56a6bc50"","
"E:\Projects\mQuiz\src\services\db\importedFullDatabase.json","33906","      ""parent_id"": ""9a483b1b-77b7-4aa0-a2e3-1b6a56a6bc50"","
"E:\Projects\mQuiz\src\services\db\importedFullDatabase.json","33916","      ""parent_id"": ""9a483b1b-77b7-4aa0-a2e3-1b6a56a6bc50"","
"E:\Projects\mQuiz\src\services\db\importedFullDatabase.json","33926","      ""parent_id"": ""9a483b1b-77b7-4aa0-a2e3-1b6a56a6bc50"","
"E:\Projects\mQuiz\src\services\db\importedFullDatabase.json","33935","  ""child_class_assignments"": ["
"E:\Projects\mQuiz\src\services\db\importedFullDatabase.json","33938","      ""child_id"": ""94297385-ba2f-42f2-a69c-73a8212889dd"","
"E:\Projects\mQuiz\src\services\db\importedFullDatabase.json","33939","      ""parent_id"": ""32383bef-bf66-4b8e-81e8-69d1bea635bd"","
"E:\Projects\mQuiz\src\services\db\importedFullDatabase.json","33948","      ""child_id"": ""de72e3eb-15eb-4928-b09f-5871edc9152c"","
"E:\Projects\mQuiz\src\services\db\importedFullDatabase.json","33949","      ""parent_id"": ""32383bef-bf66-4b8e-81e8-69d1bea635bd"","
"E:\Projects\mQuiz\src\services\db\importedFullDatabase.json","33958","      ""child_id"": ""9de18140-ba56-4224-a1ec-c7e3d40d0f5f"","
"E:\Projects\mQuiz\src\services\db\importedFullDatabase.json","33959","      ""parent_id"": ""9a483b1b-77b7-4aa0-a2e3-1b6a56a6bc50"","
"E:\Projects\mQuiz\src\services\db\importedFullDatabase.json","33967","  ""child_subject_assignments"": ["
"E:\Projects\mQuiz\src\services\db\importedFullDatabase.json","33970","      ""child_id"": ""94297385-ba2f-42f2-a69c-73a8212889dd"","
"E:\Projects\mQuiz\src\services\db\importedFullDatabase.json","33971","      ""parent_id"": ""32383bef-bf66-4b8e-81e8-69d1bea635bd"","
"E:\Projects\mQuiz\src\services\db\importedFullDatabase.json","33980","      ""child_id"": ""94297385-ba2f-42f2-a69c-73a8212889dd"","
"E:\Projects\mQuiz\src\services\db\importedFullDatabase.json","33981","      ""parent_id"": ""32383bef-bf66-4b8e-81e8-69d1bea635bd"","
"E:\Projects\mQuiz\src\services\db\importedFullDatabase.json","33990","      ""child_id"": ""94297385-ba2f-42f2-a69c-73a8212889dd"","
"E:\Projects\mQuiz\src\services\db\importedFullDatabase.json","33991","      ""parent_id"": ""32383bef-bf66-4b8e-81e8-69d1bea635bd"","
"E:\Projects\mQuiz\src\services\db\importedFullDatabase.json","34000","      ""child_id"": ""94297385-ba2f-42f2-a69c-73a8212889dd"","
"E:\Projects\mQuiz\src\services\db\importedFullDatabase.json","34001","      ""parent_id"": ""32383bef-bf66-4b8e-81e8-69d1bea635bd"","
"E:\Projects\mQuiz\src\services\db\importedFullDatabase.json","34010","      ""child_id"": ""94297385-ba2f-42f2-a69c-73a8212889dd"","
"E:\Projects\mQuiz\src\services\db\importedFullDatabase.json","34011","      ""parent_id"": ""32383bef-bf66-4b8e-81e8-69d1bea635bd"","
"E:\Projects\mQuiz\src\services\db\importedFullDatabase.json","34020","      ""child_id"": ""94297385-ba2f-42f2-a69c-73a8212889dd"","
"E:\Projects\mQuiz\src\services\db\importedFullDatabase.json","34021","      ""parent_id"": ""32383bef-bf66-4b8e-81e8-69d1bea635bd"","
"E:\Projects\mQuiz\src\services\db\importedFullDatabase.json","34030","      ""child_id"": ""94297385-ba2f-42f2-a69c-73a8212889dd"","
"E:\Projects\mQuiz\src\services\db\importedFullDatabase.json","34031","      ""parent_id"": ""32383bef-bf66-4b8e-81e8-69d1bea635bd"","
"E:\Projects\mQuiz\src\services\db\importedFullDatabase.json","34040","      ""child_id"": ""de72e3eb-15eb-4928-b09f-5871edc9152c"","
"E:\Projects\mQuiz\src\services\db\importedFullDatabase.json","34041","      ""parent_id"": ""32383bef-bf66-4b8e-81e8-69d1bea635bd"","
"E:\Projects\mQuiz\src\services\db\importedFullDatabase.json","34050","      ""child_id"": ""de72e3eb-15eb-4928-b09f-5871edc9152c"","
"E:\Projects\mQuiz\src\services\db\importedFullDatabase.json","34051","      ""parent_id"": ""32383bef-bf66-4b8e-81e8-69d1bea635bd"","
"E:\Projects\mQuiz\src\services\db\importedFullDatabase.json","34060","      ""child_id"": ""de72e3eb-15eb-4928-b09f-5871edc9152c"","
"E:\Projects\mQuiz\src\services\db\importedFullDatabase.json","34061","      ""parent_id"": ""32383bef-bf66-4b8e-81e8-69d1bea635bd"","
"E:\Projects\mQuiz\src\services\db\importedFullDatabase.json","34070","      ""child_id"": ""de72e3eb-15eb-4928-b09f-5871edc9152c"","
"E:\Projects\mQuiz\src\services\db\importedFullDatabase.json","34071","      ""parent_id"": ""32383bef-bf66-4b8e-81e8-69d1bea635bd"","
"E:\Projects\mQuiz\src\services\db\importedFullDatabase.json","34080","      ""child_id"": ""9de18140-ba56-4224-a1ec-c7e3d40d0f5f"","
"E:\Projects\mQuiz\src\services\db\importedFullDatabase.json","34081","      ""parent_id"": ""9a483b1b-77b7-4aa0-a2e3-1b6a56a6bc50"","
"E:\Projects\mQuiz\src\services\db\importedFullDatabase.json","34090","      ""child_id"": ""9de18140-ba56-4224-a1ec-c7e3d40d0f5f"","
"E:\Projects\mQuiz\src\services\db\importedFullDatabase.json","34091","      ""parent_id"": ""9a483b1b-77b7-4aa0-a2e3-1b6a56a6bc50"","
"E:\Projects\mQuiz\src\services\db\importedFullDatabase.json","34100","      ""child_id"": ""9de18140-ba56-4224-a1ec-c7e3d40d0f5f"","
"E:\Projects\mQuiz\src\services\db\importedFullDatabase.json","34101","      ""parent_id"": ""9a483b1b-77b7-4aa0-a2e3-1b6a56a6bc50"","
"E:\Projects\mQuiz\src\services\db\importedFullDatabase.json","34110","      ""child_id"": ""9de18140-ba56-4224-a1ec-c7e3d40d0f5f"","
"E:\Projects\mQuiz\src\services\db\importedFullDatabase.json","34111","      ""parent_id"": ""9a483b1b-77b7-4aa0-a2e3-1b6a56a6bc50"","
"E:\Projects\mQuiz\src\services\db\importedFullDatabase.json","34506","      ""content"": ""f& : < AEE\n@IAB SERIES\nDifference between distnceiand displacements\nColom [owen |\n1 Its defined as the actual path traced by a body. It is the shortest distance between two points\nbetween which the body moves\n2 Itis a scalar quantity Lis a vector quantity.\n3 It can never be negative or zero. It can be negative, zero or positive\n4 Distance can be equal to or greater than displacement. | Displacement is equal to or less than distance\nN Distance travelled is not a unique path between two Displacement is a unique path between two\npoints points.\n6 Distance between two points gives full information Displacement between two points does not give\nof the type of path followed by the body. full information of the type of path followed by\nthe body.\n7 Distance never decreases with time. For a moving Displacement can decrease with time. For a\nbody it is never zero. moving body it can be zero\n8 Distance in SI is measured in metre. Displacement in SI is measured in metre\nTYU 1.1 Fr rE\n|. Classify the following as motion alonga straight line, circular or oscillatory motion 2,91 le”\n| (i) Motion of your hands while running. > 0,,1.ffor gi\n(if) Motion of a horse pullinga carton a straight road. > Re min ( Hrd Line Molior') pi\n(iii) Motion of a child in amerry-go-round. => Couudlen Melon =\n(Motion ofa childon asses. > o,c pr 7. ed\n(v) Motion of the hammer of an electric bell. Onella}r, Pe\n(vi) Motion of a train on a straight bridge. > Rectd ia c Shaiglt Ses) i\n2. Motion of an object or a part of it around a fixed point is known as. cirey los, motion.\n3. A body repeating its motion after certain interval of time is in _pe»zzi, motion. a\n4 In rectilinear motion, object moves__afenga 1 Liz Jtline ak\n5. Sl unit of length is _m 5\n6. Motion of a child on a swing is __ Oyal0dla (feo dic) ==\n7. Motion of the needle of a sewing machine is Ballon foradi) pe\n8 Motion of wheel of a bicycle is_Couadin y\n9 Match the events related to motion in Column I with the types of motions given in Column IL\nCOLUMN I COLUMN 11\n(A) A moving wheel of a sewing machine OC Se ® —\n(B) Movement of tip of the minute hand of a (ii) Rotational motion ©)\nclock in one hour oe\n(C) Amoving swing (ii) Periodic motion ©\n10. Motion of a pendulum is\n(A)Alonga straight line (B) Circular Vo) Periodic (D) None of these\n11. Distance travelled by a particle in a given interval of time is always 4\n| (A) Zero Bpositive (C) negative (D) -ve and +ve\nFo oeeemmm—m— com——\n~ Teoler High School, Jaipur ) 9 a"","
"E:\Projects\mQuiz\src\services\db\importedFullDatabase.json","34802","      ""content"": ""& \""J When Does Fat Cause Problem?\n= Is eating more than required by our body, good?\n— (The extra fat gets deposited in the lining of our blood vessels. Our heart then has to work harder to\npush the blood through the 5 vessels This can increase the risk of heart problems.\nBiood Vessel pi oe 1\nWall Blood Vessel Wa |\n/ |\n‘Qe |\nPartly Blocked)\nInside of Normal Blood Vessel’\nBlood Vessel\nFig. Normal and Partly blocked blood vessel\n& ['] Test for Fats /\n‘Sample of food\n= Aim: To test the presence of fats in the given food em\n\""Materials required : Vegetable oil, groundnut, brown paper\nRRToCed re ia MENT a\n1. Pour few drops of vegetable oil onto the brown paper and ¥\nrub it gently with your finger. 3\n2. In case of groundnut, crush the groundnut and place it on\nbrown paper.\nfe \\\n3. Now rub the groundnut on the paper. a i\nObservation\nThe brown paper turns translucent and becomes greasy.\nThis indicates the given food sample contains fats.\nTranslucent spot- Presence of fat |\n® Proteins are needed by us for growth and repair\nof our body. Therefore, these are called body-\nbuilding foods.\n® Proteins contain carbon, hydrogen, oxygen, FISH NUTS, MIL\nnitrogen and sulphur.\n®  Sportspersons need proteins in larger quantities\nto build their muscles. NG\n® Proteins are composed of amino acids. os Armouns GREEK YOGURT\n® Children require more protein per kilogram body\nweight for proper growth and development. The F\ntotal requirement of protein for an adult is about\n1 gm per kg body weight. crc wars ssoccous\n® Formation of new cells during growth. R @ &p\n® To replace old and damaged cells. z SPROUTS fd sy\n® Sick people require more protein for healing. Fig. Sources of Proteins\nJE SRR POS « x (RC UR, SNR"","
"E:\Projects\mQuiz\src\services\db\importedFullDatabase.json","34834","      ""content"": ""aE EN TT I EE Te\neo  Slowand stunted body growth\n® Loss of appetite\ne Lack of energy\n® Weak legs and poor muscle development\nCure: The patients are advised to take a high protein an.d carbohydrate rich diet\nA Milk, butter, eggs, For normal growth; Poor vision, sometimes complete\n4 carrots, cod liver oil, keeps eyes and skin | loss of vision.\ntomatoes, green leafy healthy. Night blindness (inability to see in\nvegetables. dim light), |, apo olile\nC4\nB-\nComplex 4\nBi Seafood, milk and milk Keeps heart healthy Beri-Beri (Swelling, tingling or\nv products, meat, green and supports body to | burning sensation in feet and hands,\nvegetables, legumes, nuts, | perform various trouble in breathing)\nwhole grains, seeds functions.\n4\nB3 Whole cereals, potatoes, For healthy skin, Pellagra (affects the skin, digestive\ntomatoes, meat, fish. proper functioning system and nervous system).\nof digestive and\nnervous system.\nB12 Liver, eggs, milk, fish. Helps in the Anaemia ;\nvv formation of red\nblood cells.\nCc Indian gooseberry, guava, | For healthy growth (gum bleeding, loosening\nv tomatoes, green leafy and strong blood of teeth and wounds do not heal\nvegetables, citrus vessels. easily).\nfruits, water chestnut\n(singhara). A\nD Sunlight (helps our body | Helps body absorb Rickets (Bow legs,\n(= prepare vitamin D), milk, | calcium for bones become soft and i\nbutter, eggs, cod-liver oil. | formation of strong | out of shape in children) Ee\nbones and teeth. k\nEB Almonds, Peanuts and Builds a strong Neurological disorder\n= Soyabean oil, fish. immune system\nKo Green vegetables like Helps in the Excessive bleeding from wounds.\nspinach and cabbage, clotting of blood.\nbroccoli, kiwi, vegetable\noil."","
"E:\Projects\mQuiz\src\services\db\importedFullDatabase.json","34842","      ""content"": ""! |\nIron Liver, eggs, meat, For the formation of Anaemia, weakness, shortness of\n2 green leafy pigment haemoglobin that breath. J UL\nvegetables, beetroot, | helps red blood cells carry ag)\ngerminating wheat oxygen to body cells. Pr\ngrains, pomegranate\nCalcium | Milk, milk products, | For strong bones and teeth. Weak bones, tooth decay.\nbroccoli, finger ¢\nmillet (ragi).\nSodium | Common salt. For proper functioning of Muscle cramps, tiredness.\nthe nervous system.\nlodine lodised salt, seafood | Helps in the formation of Goitre (swelling at\nwater chestnut. thyroid hormones, needed the front of the neck).\nfor physical & mental \\\ndevelopment and activity.\nL\n’ Bsr m (retarded\nphysical growth, \\\nmental disability in\nchildren)\n2 [1 0 Know\n~FS8U | In the 1960s, Indian scientists found that among the Brey population in the Himalayan region and\n“==! the Northern plains of India, symptoms of swelling 4 the front of the neck were prevalent. As pei\nnorms of the Government of India, an effort was made to supplement common salt with iodine fof\npreparing iodised salt. Consumption of iodised salt visibly reduced the above symptoms. Thesd\nsymptoms were due to a deficiency of iodine in the soil of this region resulting in a lack of iodine i\nthe local food and water supply.\n———\n= Salt farming is a traditional practice of a tribal community named\nPa Agariyas. They practice salt farming in the Little Rann of Kutch and /3\nother parts of Gujarat. For eight months, they live in the extreme heat of —— 3\nthe desert and work very hard to get salt from seawater. —\n/ CoO ON F Uo\ni CL e— E\n8 4 4 This is a logo for fortified foods as per 3\n® tis the process Whereby nutrients mainly standards by ESSAL The Food Sbty A %\nkey vitamins and minerals are added to +[= and Standard Authority of India | |\nstaple foods in relatively small quantities. (FSSA) is a government agency that\nto maintain or improve the quality of the regulates food quality in India.\ndiet of a group, a community or population. Packaged food items must have\n5 FORTIFIED information about the nutrients on\n® It was identified as the strategy by WHO | “saueoonwa roswan their cover. The information should\n(World Health Organization) and FAQ ZWASTHIEEVAN list the amount of each nutrient.\n(Food and Agriculture Organization) for >\ndecreasing the incidence of nutrients deficiency at global level.\n© The most common fortified foods are- lodised salt and some baby foods, cereals, milk and milk products,\nfats, oils, tea and other beverages."","
"E:\Projects\mQuiz\src\services\db\importedFullDatabase.json","34874","      ""content"": ""4 .\na3\n™ 1. Lactose is composed of. (AIPMT 199g,\n| a) Glucose + fructose b) Glucose + glucose gy Grucose + galactose A + galactose\n| 2. Which of the following pairs is not correctly matched? (ATPMT (S) 2004)\n| a) Vitamin B12 --- pernicious anemia ah ienloss of appetite\n| ¢) Vitamin B1-- beriberi Vitamin B2— pellagra vo\n3. Overnutrition is a form of malnutrition in which nutrients are over supplied relative to the amounts required\nfor normal growth, development and metabolism. Overnutrition leads to . (NSO (S) Level-1)\na) Kwashiorkor b) Rickets (Obesity 7 d) None of the above\n4. How is a producer different from a consumer? (NSO (S) Level-1)\na) A consumer only eats plants b) A producer only eats meat\n. (5A plan makes its own food d) A consumer makes its own food\n5. When an oily patch is present on a paper, what do you think is the food nutrient that is present in there?)\n5 (NSO (S) Level -1)\nLo fas b) Carbohydrates ¢) Proteins d) Minerals\n6. Whi f'the following lists of food is obtained from leaves of the plant? (NSO (S) Level -1)\nLa methi, coriander b) Cabbage, flower cabbage, apple\n¢) Carrot, Onion, Mint d) Maize, beetroot, spinach\n7. A child is suffering from a deficiency disease. He shows following symptoms. (NSO (S) Level -1)\n(i) Swollen stomach (ii) Thin legs\n(iii) Scaly skin (iv) Slow mental and physical development\nIdentify the deficiency disease and the deficient nutrient ipfhe child's diet.\na) Rickets, Vitamin Db) Goitre, lodine Si Proteins  d) Anaemia, Iron"","
"E:\Projects\mQuiz\src\services\db\importedFullDatabase.json","34946","      ""content"": ""M AT T E R IN O UR S U R R O U N D I N GS 13 Group Activity Prepare a model to demonstrate movement of particles in solids, liquids and gases. For making this model you will need • A transparent jar • A big rubber balloon or piece of stretchable rubber sheet • A string • Few chickpeas or black gram or dry green peas. How to make? • Put the seeds in the jar. • Sew the string to the centre of the rubber sheet and put some tape to keep it tied securely. • Stretch and tie the rubber sheet on the mouth of the jar. • Your model is ready. Now run your fingers up and down the string by first tugging at it slowly and then rapidly. Fig. 1.10: A model for converting of solid to liquid and liquid to gas. Reprint 2025-26"","
"E:\Projects\mQuiz\src\services\db\importedFullDatabase.json","35010","      ""content"": ""i\no Growth is another essential trait, as seen in the way children outgrow their clothes or plants grow larger.\nGrowth in living beings involves an increase in size and development, which is fueled by nutrition. All living\nbeings, including plants, grow by utilizing nutrients from their surroundings\n© Nutrition is crucial for growth and development, with living beings requiring food to sustain life processes.\n® Respiration is highlighted as a vital process involving the intake of oxygen and release of carbon dioxide,\noccurring in both plants and animals.\nHow do plants respire? There are tiny pores called stomata on the surface of leaves. These pores help plants\nin exchange of gases.\nfa 2 a-3 }\n® [Excretion is another fundamental process, where waste products are removed from the body. For pgs\n: : - . s n=\nYumans excrete sweat and urine, while plants excrete excess water and lll Dil process ensures\nthat living beings maintain a stable internal environment, which is crucial for théir survival and overall\nhealth!\nDo you know that plants also excrete? You may notice plants excrete excess water and minerals in the form\nof small droplets on leaves.\n4 28 a 4% |\n6 Fd N\nv_ av.\nWeen) J gy $5\ngr fe J -\n- EA of x % N\n& Ad vi Oe Op rs l\nAT 5 &\nVol AW ~ oy\nova 5g .\n(LE $\n: Ee, I a ,\nHEFT lh ’ j\nFig. Water droplets on grass\n® Response to Stimuli and Reproduction. Living beings respond to various stimuli from their environment.\nAny thing or any event that prompts living beings to respond is called a stimulus\nThis response can be seen in humans reacting to a hot object or a sharp thorn. . List three stimuli (plural of\nstimulus) and your body’s instant response to them. & b\nPlants also respond to stimuli. For example, (fouchme-not mimosa, chhui-mui, lajjalu) plants fold their\nleaves when we touch them) Have you also observed that certain plants fold their leaves after sunset?\nSpecifically, the leaves of certain plants facing each other tend to come together. This can be observed in\nthe sleeping leaves of amla (Indian gooseberry) tree."","
"E:\Projects\mQuiz\src\services\db\importedFullDatabase.json","35066","      ""content"": ""THEE v E ha % NO vn ym YAN\nONIX W_ oanly 1 hg D 7 ?\nea Ribasome\n3 iy Cell ETE\nEaEpaaE [2 Sa Peroxisome &| 4\nRibosomes \\ t #10 Of &\nSAF § = Nucleus\n(AA AN \\'? Jd . Nucleolus | 2\nNN /7 \\\\—- Ames — 4) 77 I\nTh A PRET ocieons Raphide) = Ji ndoplasmic | =\nMs (© er ir % mo) 3\nPS Microtubules ++ 0 =7% / Endoplasmic reticulum ] 1 Mitochondrion) <=\nMitochondrion i 1 centiosomes Chloroplast O% 6 mea\n\\ — r /) Golgi bod Golgi \\ A Crpiacy &\ntysosome NCA oigi body So O85) -\na Te |\ng Ea OC, T7orsl, fo No\nFig. Animal Cell — Mvne() © pletion Fig. Plant Cell\n[I Plasma Membrane or Cell Membrane\nThis is the outermost covering of the cell that separates the contents of the cell from its external environment\nThe plasma membrane is flexible and is made up of organic molecules called lipids and proteins. However, we\ncan observe the structure of the plasma membrane only through an electron microscope. The plasma membrane\nal allows or permits the entry and exit of some materials in and out of the cell. It also prevents movement of some\nother materialy The cell membrane, therefore, is/called a selectively permeable membrane. Movement of ~\nsubstances through cell occurs through the following ways:\nThere is spontaneous movement of a substance (solid, liquid, gas) from a region of high concentration to a\n2 region where its concentration is low.\nWater also obeys the law of diffusion. The movement of water molecules through a selectively permeable\n~ membrane (a porous surface that allows only selective particles to pass through) is called osmosis, In osmosis,\nwater moves from a region of high concentration to a region of low concentration.\n© EEmCarwan\n® Plant cells, in addition to the plasma membrane, have another tigidauter covering called the cell wall.\n® The cell wall lies outside the plasma membrane. .\n® The plant cell wall is mainly composed of cellulose. Cellulose is a complex substance and provides structural\nstrength to plants. ~~\n® Because of their walls, such cells can withstand much greater changes in the surrounding medium than\nanimal cells.\n® Cell wall is the dead part of cell and is freely permeable to movement of substances across it.\n‘® The nucleus has a double layered covering called nuclear membrane.\n1 © The nuclear membrane has pores called nucleopores which allow the transfer of material from inside the\nnucleus to its outside, that is, to the cytoplasm. 4\n® The nucleus contains chromosomes, which are visible as rod-shaped structures only when the cell is about {\ntodivide. |\n4 ® Chromosomes contain information for inheritance of characters from parents to next generation in the form\nis of DNA (Deoxyribonucleic Acid) molecules. 3\na © Functional segments of DNA are called genes.\nCa MEENA SC aL ep CEN <I |"","
"E:\Projects\mQuiz\src\services\db\importedFullDatabase.json","35274","      ""content"": ""fa          :\n\nDistance                                             Displacement\n\nIt 1s defined as the actual path traced by a body           It is the shortest distance between two points\n\nbetween which the body moves\nIt is a scalar quantity                                       tis a vector quantity.\n\nIt can never be negative or zero                            It can be negative, zero or positive\n\n4        Distance can be equal to or greater than displacement. | Displacement is equal to or less than distance\nS        Distance travelled is not a unique path between two      Displacement is a unique path between two\npoints                                                            points,\n6        Distance between two points gives full information        Displacement between two points does not give\nof the type of path followed by the body.                    full information of the type of path followed by\nthe body.\n7        Distance never decreases with time. For a moving       Displacement can decrease with time. For a\n\nbody it is never zero.                                           moving body it can be zero\n\nDistance in SI is measured in metre.                     Displacement in SI is measured in metre\n\nTV T11\nClassify the following as motion along a straight line, circular or oscillatory motion:\n(i) Motion of your hands while running. > 0,,)flo\""\n\n(ii) Motion of a horse pulling a cart on a straight road. => R e Ll, mun (Sg   Line Motion)\n(iii) Motion of a child in amerry-go-round. => Colon Melion\n(iv) Motion of a child on a see-saw. _>    or                                          ct\n\n(v) Motion of the hammer of an electric bell.  Ortillafar                                              pe\n(vi) Motion of a train on a straight bridge. > Retin C Shag) T  (ied)\nMotion of an object or a part of it around a fixed point is known as    cine log, motion.\nA body repeating its motion after certain interval of time is in   peviads, motion.\n\nIn rectilinear motion, object moves.     aleny a    Lig pline.\n\nSI unit of length is _m\n\nMotion of a child on a swing is __ Oy. Lc     (fori dic)\nMotion of the needle of a sewing machine is    Bacdlling(   Cradle)\n\nMotion of wheel of a bicycle is_(guondon     g\n\nMatch the events related to motion in Column I with the types of motions given in Column IL.\nCOLUMN I                                                   COLUMN II\n(A) A moving wheel of a sewing machine                     one irculagmotion  9)                —_\n\n(B) Movement of tip of the minute hand of a                 (ii) Rotational motion @\n\nee\n\n© PN nsw\n\nclock in one hour\n(C) A moving swing                                                            (iii) Periodic motion ©\n10. Motion of a pendulum is\n(A) Along a straight line         (B) Circular                       yo) Periodic                         (D) None of these\n11. Distance travelled by a particle in a given interval of time is always                                        E\n\n(A) Zero                              positive                    (C) negative                   (D) ve and +ve\n\n          Teoler High School, Jaipur                                                                                  9     y"","
"E:\Projects\mQuiz\src\services\db\importedFullDatabase.json","38055","  ""parent_child_relationships"": ["
"E:\Projects\mQuiz\src\services\db\importedFullDatabase.json","38058","      ""parent_id"": ""32383bef-bf66-4b8e-81e8-69d1bea635bd"","
"E:\Projects\mQuiz\src\services\db\importedFullDatabase.json","38059","      ""child_id"": ""94297385-ba2f-42f2-a69c-73a8212889dd"","
"E:\Projects\mQuiz\src\services\db\importedFullDatabase.json","38064","      ""parent_id"": ""9a483b1b-77b7-4aa0-a2e3-1b6a56a6bc50"","
"E:\Projects\mQuiz\src\services\db\importedFullDatabase.json","38065","      ""child_id"": ""9de18140-ba56-4224-a1ec-c7e3d40d0f5f"","
"E:\Projects\mQuiz\src\services\db\importedFullDatabase.json","38095","      ""email"": ""praveen.matoria+parent@gmail.com"","
"E:\Projects\mQuiz\src\services\db\importedFullDatabase.json","38097","      ""role"": ""parent"","
"E:\Projects\mQuiz\src\services\db\importedFullDatabase.json","38119","      ""role"": ""parent"","
"E:\Projects\mQuiz\src\services\db\importedFullDatabase.json","41344","      ""question_text"": ""A child is playing outside for a long time and needs sustained energy. Which of the following foods would be the most suitable for providing lasting energy based on their fat content?"","
"E:\Projects\mQuiz\src\services\db\importedFullDatabase.json","41434","      ""question_text"": ""If a child and an adult both weigh 50 kg, and the adult's total protein requirement is about 1 gm per kg body weight, how would the child's protein requirement compare to the adult's, and why?"","
"E:\Projects\mQuiz\src\services\db\importedFullDatabase.json","41435","      ""option_a"": ""The child would require the same amount of protein as the adult because they weigh the same."","
"E:\Projects\mQuiz\src\services\db\importedFullDatabase.json","41436","      ""option_b"": ""The child would require less protein than the adult because their body is smaller."","
"E:\Projects\mQuiz\src\services\db\importedFullDatabase.json","41437","      ""option_c"": ""The child would require more protein per kilogram body weight than the adult for proper growth and development."","
"E:\Projects\mQuiz\src\services\db\importedFullDatabase.json","41438","      ""option_d"": ""The child would require more protein than the adult only if they are sick and need healing."","
"E:\Projects\mQuiz\src\services\db\importedFullDatabase.json","41650","      ""question_text"": ""A child is observed to have a distended stomach, swollen limbs, and brittle hair. Based on the provided text, which deficiency disease is this child most likely suffering from?"","
"E:\Projects\mQuiz\src\services\db\importedFullDatabase.json","41740","      ""question_text"": ""A child is experiencing slow and stunted body growth, loss of appetite, and weak legs. Based on the information provided, which of the following is the MOST appropriate initial dietary change to address these symptoms?"","
"E:\Projects\mQuiz\src\services\db\importedFullDatabase.json","41812","      ""question_text"": ""A child is diagnosed with Rickets, characterized by bow legs and soft bones. Based on the information, which intervention would be most effective in helping their body absorb calcium for stronger bones?"","
"E:\Projects\mQuiz\src\services\db\importedFullDatabase.json","42298","      ""question_text"": ""A child exhibiting symptoms of a swollen stomach, thin legs, scaly skin, and slow mental and physical development is likely suffering from a deficiency of what nutrient?"","
"E:\Projects\mQuiz\src\services\db\index.ts","63","      parent_id: classData.parent_id || 'system',"
"E:\Projects\mQuiz\src\services\db\index.ts","71","    return this.provider.execute('INSERT INTO classes (id, parent_id, class_name, class_key, display_order, is_active, created_at, updated_at) VALUES (?, ?, ?, ?, ?, ?, ?, ?)', [record]);"
"E:\Projects\mQuiz\src\services\db\index.ts","81","      parent_id: subjectData.parent_id || 'system',"
"E:\Projects\mQuiz\src\services\db\index.ts","91","    return this.provider.execute('INSERT INTO subjects (id, parent_id, subject_name, subject_code, icon_name, color, display_order, is_active, created_at, updated_at) VALUES (?, ?, ?, ?, ?, ?, ?, ?, ?, ?)', [record]);"
"E:\Projects\mQuiz\src\services\db\initialSeedData.json","28","      ""parent_id"": ""system-admin-id"","
"E:\Projects\mQuiz\src\services\db\initialSeedData.json","38","      ""parent_id"": ""system-admin-id"","
"E:\Projects\mQuiz\src\services\db\initialSeedData.json","50","      ""parent_id"": ""system-admin-id"","
"E:\Projects\mQuiz\src\services\db\initialSeedData.json","62","      ""parent_id"": ""system-admin-id"","
"E:\Projects\mQuiz\src\services\db\initialSeedData.json","73","  ""child_class_assignments"": [],"
"E:\Projects\mQuiz\src\services\db\initialSeedData.json","74","  ""child_subject_assignments"": [],"
"E:\Projects\mQuiz\src\services\db\initialSeedData.json","84","  ""parent_child_relationships"": [],"
"E:\Projects\mQuiz\src\services\db\schema.sql","17","  parent_id TEXT NOT NULL,"
"E:\Projects\mQuiz\src\services\db\schema.sql","28","  parent_id TEXT NOT NULL,"
"E:\Projects\mQuiz\src\services\db\schema.sql","39","CREATE TABLE IF NOT EXISTS child_class_assignments ("
"E:\Projects\mQuiz\src\services\db\schema.sql","41","  parent_id TEXT NOT NULL,"
"E:\Projects\mQuiz\src\services\db\schema.sql","42","  child_id TEXT NOT NULL,"
"E:\Projects\mQuiz\src\services\db\schema.sql","51","CREATE TABLE IF NOT EXISTS child_subject_assignments ("
"E:\Projects\mQuiz\src\services\db\schema.sql","53","  parent_id TEXT NOT NULL,"
"E:\Projects\mQuiz\src\services\db\schema.sql","54","  child_id TEXT NOT NULL,"
"E:\Projects\mQuiz\src\services\db\schema.sql","241","  parent_message_id TEXT,"
"E:\Projects\mQuiz\src\services\db\schema.sql","244","  FOREIGN KEY (parent_message_id) REFERENCES messages(id) ON DELETE SET NULL"
"E:\Projects\mQuiz\src\services\db\schema.sql","276","CREATE TABLE IF NOT EXISTS parent_child_relationships ("
"E:\Projects\mQuiz\src\services\db\schema.sql","278","  parent_id TEXT NOT NULL,"
"E:\Projects\mQuiz\src\services\db\schema.sql","279","  child_id TEXT NOT NULL,"
"E:\Projects\mQuiz\src\services\db\providers\SqliteWasmProvider.ts","130","        // Handle IN clauses e.g. user_id IN (?, ?), child_id IN (?, ?)"
"E:\Projects\mQuiz\src\services\db\providers\SqliteWasmProvider.ts","133","        } else if (/\bchild_id\s+IN\s*\(/i.test(cleanSql)) {"
"E:\Projects\mQuiz\src\services\db\providers\SqliteWasmProvider.ts","134","          rows = rows.filter(r => params.includes(r.child_id));"
"E:\Projects\mQuiz\src\services\db\providers\SqliteWasmProvider.ts","137","        } else if (/\bparent_id\s+IN\s*\(/i.test(cleanSql)) {"
"E:\Projects\mQuiz\src\services\db\providers\SqliteWasmProvider.ts","138","          rows = rows.filter(r => params.includes(r.parent_id));"
"E:\Projects\mQuiz\src\services\db\providers\SqliteWasmProvider.ts","144","          } else if (/\bchild_id\s*=/i.test(cleanSql)) {"
"E:\Projects\mQuiz\src\services\db\providers\SqliteWasmProvider.ts","145","            rows = rows.filter(r => r.child_id === paramVal);"
"E:\Projects\mQuiz\src\services\db\providers\SqliteWasmProvider.ts","146","          } else if (/\bparent_id\s*=/i.test(cleanSql)) {"
"E:\Projects\mQuiz\src\services\db\providers\SqliteWasmProvider.ts","147","            rows = rows.filter(r => r.parent_id === paramVal);"
"E:\Projects\mQuiz\src\services\db\providers\SqliteWasmProvider.ts","194","        const index = rows.findIndex(r => r.id === targetId || r.user_id === targetId || r.child_id === targetId || r.parent_id === targetId);"
"E:\Projects\mQuiz\src\services\db\providers\SqliteWasmProvider.ts","223","                r.child_id === val || "
"E:\Projects\mQuiz\src\services\db\providers\SqliteWasmProvider.ts","224","                r.parent_id === val"
"E:\Projects\mQuiz\src\types\auth.ts","21","  role: 'admin' | 'parent' | 'student';"
